name,designation,greek,constellation,search,wikistatus,ra,declination,appmag_v,class,mass,radius,text
ACAMAR,"θ Eridani",θ,Eridani,"Theta Eridani",cache,02-58-15.67525,-40-18-16.8524,3.2,A3IV-V,2.6,,"Bleak, white binary pair, the members of which have not spoken for five gigayears."
ACHERNAR,"α Eridani",α,Eridani,"Alpha Eridani",cache,01-37-42.84548,"–57-14-12.3101",0.445,"B6 Vep","6–8",,"Held by Yule to be a line-of-sight cognate of ACAMAR, which led to the rediscovery and abandonment of Old Earth."
ACRUX,"α Crucis",α,Crucis,"Alpha Crucis",cache,12-26-35.89522,-63-05-56.7343,0.77,"B0.5IV + B1V","14 / 10 ",,"A hot, blue-white binary with a characteristic Tropicália spectrum, expected to end its life in a bossa nova."
ACUBENS,"α Cancri",α,Cancri,"Alpha Cancri",cache,08-58-29.2217,+11-51-27.723,"4.20 to 4.27",A5m,2,,"A rare ""white blood star"" or stellar phage, part of the Galaxy's immune defence system. Not to be approached."
ADHARA,"ε Canis Majoris",ε,"Canis Majoris","Epsilon Canis Majoris",cache,06-58-37.6,"–28-58-19",1.50,"B2 II
 ","12.6 ± 1.0",,"Blue star with high ultraviolet emissions, sacred to dinosaurs."
ADHIL,"ξ Andromedae",ξ,Andromedae,"Xi Andromedae",cache,01-22-20.41924,+45-31-43.6003,+4.90,"K0 IIIb",2.5,,"Orange giant, its appearance was compared by Herschel to that of ""a giant Orange""."
AIN,"ε Tauri",ε,Tauri,"Epsilon Tauri",cache,04-28-37.00,+19-10-49.5,+3.53,K0III,"2.7 ± 0.1",,"Mature, unblinking star with the disquieting property of seeming to ""follow"" the observer around the Galaxy."
"AL BALI","ε Aquarii",ε,Aquarii,"Epsilon Aquarii",cache,20-47-40.55260,"−09-29-44.7877",3.77,"A1 V"," ",,"White star surrounded by a disk of debris, suggesting the hypothesis that it is inhabited by five-year-olds."
"AL HURR","λ Aurigae",λ,Aurigae,"Lambda Aurigae",cache,05-19-08.47420,+40-05-56.5826,4.71,"G1 V",1.081{{+-,,"This G-type star's spectrum shows enhanced levels of manganese, zinc, thiamine and soluble fibre."
"AL KALB AL RAI","ρ² Cephei","ρ²",Cephei,"Rho2 Cephei",cache,22-29-52.90,+78-49-27.0,5.50,"A3 V",,,"Pretentious A-class star, though to have been moved into line with ρ¹ Cephei as part of a real-estate scam."
"AL KALBAIN","κ Tauri",κ,Tauri,"Kappa Tauri",cache,,,"+4.21 ",,,,"Capital star of the Hyades cluster, esteemed for its cultured and diligent bureaubots."
"AL KURUD","θ Columbae",θ,Columbae,"Theta Columbae",cache,,,"4.993 ",,,,"Chief of the Apes, a group of stars in the process of budding from a common ancestor."
"AL MAAZ","ε Aurigae",ε,Aurigae,"Epsilon Aurigae",cache,05-01-58.13245,+43-49-23.9059,2.98,"F0 Iab (or II-III",2.2-15,,"Victim of an interest cascade, its unusual eclipses caused by clouds of probes sent to investigate its unusual eclipses."
"AL MINCHIR AL ASAD","κ Leonis",κ,Leonis,"Kappa Leonis",cache,09-24-39.2591,+26-10-56.367,4.473,K2III,,,"K-type dwarf, companion with biosphere spectral fingerprint VBR9188EA5F (""dinosaur planet"")"
"AL NAIR","α Gruis",α,Gruis,"Alpha Gruis",cache,22-08-13.98473,"–46-57-39.5078",+1.74,"B6 V",4.0,,"Smooth A-type star, free from superfluous prominences."
"AL NASL","γ Sagittarii",γ,Sagittarii,"Gamma Sagittarii",cache,18-05-48.48810,"–30-25-26.7235",+2.98,"K1 III",,,"K-type giant used as a staging host (""the Arrow's Tip"") by the stellar alchemists."
"AL NIYAT","σ Scorpii","σ",Scorpii,"Sigma Scorpii",cache,16-21-11.31571,"–25-35-34.0515",+2.88,"B1 III","18.4 ± 5.4,",,"Triple star, companion with biosphere spectral fingerprint OOO566AA012 (""ghost planet"")"
"AL RISCHA","α Piscium",α,Piscium,"Alpha Piscium",cache,02-02-02.81972,+02-45-49.5410,3.82,,,,"Steam star, created in the twenty-first cosmic year by a now-vanished race of host plasms."
"AL SHARAS","β Crateris",β,Crateris,"Beta Crateris",cache,,,"4.48 ",,,,"White giant star, home to a species of sessile, multi-eyed sentient plants, the β Crater Potaters."
"AL SUHAIL AL MUHLIF","λ Velorum",λ,Velorum,"Lambda Velorum",cache,09-07-59.75787,-43-25-57.3273,2.21,"K4.5 Ib-II","8.5 ± 0.3",,"Irregular variable which has used up the hydrogen in its core, expanded, and, frankly, let itself go."
"AL THALIMAIN POSTERIOR","ι Aquilae",ι,Aquilae,"Iota Aquilae",cache,19-36-43.27606,"–01-17-11.7611",4.364,"B5 III","4.8 ± 0.3",,"Immense, fluffy star, prized for its beautiful feathery prominences, once hunted to near-extinction."
"AL THALIMAIN PRIOR","λ Aquilae",λ,Aquilae,"Lambda Aquilae",cache,19-06-14.93898,-04-52-57.2007,3.43,B9Vn,3.1{{+-,,"Furiously rotating blue dwarf star, obscured by dense clouds of silicon."
ALAMAK,"γ Andromedae",γ,Andromedae,"Gamma Andromedae",cache,02-03-53.9531,+42-19-47.009,2.26,K3IIb,,,"Quadruple system, early member of the Skein, an unpopular hard-wired galactic communications network."
ALATHFAR,"μ Lyrae",μ,Lyrae,"Mu Lyrae",cache,,,,,,,"The so-called ""Siren Star"", swarms with dragons who find its hard gamma spectrum irresistible."
ALBIREO,"β Cygni",β,Cygni,"Beta Cygni",cache,19-30-45.3954,+27-57-54.995,5.09,B8Ve,3.3,,"It is not known whether the components of this orange-blue binary are truly orbiting or if they are just good friends."
ALCHIBA,"α Corvi",α,Corvi,"Alpha Corvi",cache,12-08-24.8,-24-43-44,4.00,"F2 IV",1.2,,"White, moderate star with companion bearing biosphere spectral fingerprint GBS1AAF6563 (""utopia (toga) planet"")"
ALCOR,"80 Ursae Majoris",80,"Ursae Majoris","80 Ursae Majoris",cache,,,"2.23 ","A2 V/A2 V/A1 V ",,,"Hemispherical star, left incomplete for three cosmic years due to a zoning dispute."
ALCYONE,"η Tauri",η,Tauri,"Eta Tauri",cache,,,,,,,"Beautiful blue giant surrounded by a circumstellar gas disk, three dwarf companions and a herbaceous border."
ALDAFAR,"η Lyrae",η,Lyrae,"Eta Lyrae",cache,,,,,,,"Believed to be the image of ALATHFAR (μ Lyrae) in a reflective nebula."
ALDEBARAN,"α Tauri",α,Tauri,"Alpha Tauri",cache,04-35-55.239,+16-30-33.49,0.75-0.95,K5III,1.7,,"Benevolent orange giant, known for its relaxed and tolerant culture."
ALDERAMIN,"α Cephei",α,Cephei,"Alpha Cephei",cache,21-18-34.7715,62-35-08.061,2.5141,A7IV-V,1.74,,"Dessert star which has left the Main Sequence, fusing glucose into long-chain carbohydrates and caramels."
ALDHAFERA,"ζ Leonis",ζ,Leonis,"Zeta Leonis",cache,10-16-41.41597,+23-25-02.3221,3.33,"F0 III",3,,"Dapper giant whose prominences braid themselves into elegant curlicues."
ALDHANAB,"γ Gruis",γ,Gruis,"Gamma Gruis",cache,21-53-55.72620,"–37-21-53.4790",3.003,"B8 III"," ",,"Member of the class of exasperating binaries, which move behind their companion star when observed."
ALDIBAIN,"η Draconis",η,Draconis,"Eta Draconis",cache,16-23-59.48594,+61-30-51.1699,+2.73,"G8 III",2.55,,"One of the only stars to have been colonised, by an incredibly persistent race of renobots."
ALFIRK,"β Cephei",β,Cephei,"Beta Cephei",cache,21-28-39.5971,+70-33-38.578,3.1438,B2IIIev,12,,"Triple system with hesitant, jerky proper motion, implying a nearby unseen stellar predator."
ALGENIB,"γ Pegasi",γ,Pegasi,"Gamma Pegasi",cache,00-13-14.15123,+15-11-00.9368,+2.84,"B2 IV","8.9 ± 0.1",,"Large green star which was constructed from a pea as a demonstration of the Banach-Tarski Paradox."
ALGIEBA,"γ Leonis",γ,Leonis,"Gamma Leonis",cache,10-19-58.35056,+19-50-29.3468,"1.98 (2.28/3.51)
 ","K0 IIIb",1.23,,"Double giant system, planetary companion with biosphere spectral fingerprint RRRAAA560AA (""pirate planet"")"
ALGOL,"β Persei",β,Persei,"Beta Persei",cache,03-08-10.1315,+40-57-20.332,2.12,"B8V (A)","3.59/0.79/1.67
 ",,"Celestial lighthouse, its evil reputation is a galactic race memory of the brutal slavery used in its construction."
ALGORAB,"δ Corvi",δ,Corvi,"Delta Corvi",cache,12-29-51.85517,-16-30-55.5525,+2.962,"A0 IV(n) kB9",2.74{{+-,,"Spindle-shaped star with a star-shaped profile, viewed from Earth. Believed to be a fruiting body of some kind."
ALHENA,"γ Geminorum",γ,Geminorum,"Gamma Geminorum",cache,06-37-42.71050,+16-23-57.4095,1.915,"A1 IV",2.81,,"Pulsating star, believed to be the rejected core of a dying supergiant."
ALIOTH,"ε Ursae Majoris",ε,"Ursae Majoris","Epsilon Ursae Majoris",cache,12-54-01.74959,+55-57-35.3627,1.77,"A0pCr
 ",2.91,,"Chromium-rich star, serves as the galactic magnetic pole in the metal cultures."
ALKAFZAH,"χ Ursae Majoris","χ","Ursae Majoris","Chi Ursae Majoris",cache,,,+3.69,,,,"Capital star of Ursa Major, with a long tradition of representative magnetohydrodynamics."
ALKALUROPS,"μ Boötis",μ,Boötis,"Mu Boötis",cache,15-24-29.4278,+37-22-37.8,4.31,F0V,1.7,,"Dub star with an oscillating core of dark matter, used by the stellar alchemists to transmit funky frequencies."
ALKES,"α Crateris",α,Crateris,"Alpha Crateris",cache,10-59-46.4647,-18-17-55.62,4.07,"K1 III",2.5,,"K-type giant with companion with biosphere spectral fingerprint YIY55A38642 (""cowboy planet"")"
ALKURAH,"ξ Cephei",ξ,Cephei,"Xi Cephei",cache,22-03-47.40,+64-37-40.71,4.29,,,,"Has the appearance of a white giant; thought by Struve and others to be a white spot on a far larger object."
ALNILAM,"ε Orionis",ε,Orionis,"Epsilon Orionis",cache,,,"1.70 ","B0 Ia"," ",,"Blue giant and celestial omphalos, dreaded in galactic culture as a scar on the heavens."
ALNITAK,"ζ Orionis",ζ,Orionis,"Zeta Orionis",cache,,,"2.0/~4/4.21 ","O9 Iab/O9/B0 III ","28/23/20 ",,"Head office of the Orion supernova works. Approaching this star is not recommended due to high demiurgic activity."
ALPHARD,"α Hydrae",α,Hydrae,"Alpha Hydrae",cache,09-27-35.2433,"–08-39-30.969",+2.00,"K3 II-III","3.03 ± 0.36",,"Capital star of the neighbourhood known as The Star, leading to its grandiloquent nickname ""The Star of the Star""."
ALPHEKKA,"α Coronae Borealis",α,"Coronae Borealis","Alpha Coronae Borealis",cache,15-34-41.2681,+26-42-52.895,"2.21 (2.24 / 7.1)",A0V/G5V,2.58/0.92,,"One of the second pair of line-of-sight cognates used by Yule to identify Old Earth. See also ACHERNAR."
"ALPHEKKA MERIDIANIA","α Coronae Australis",α,"Coronae Australis","Alpha Coronae Australis",cache,19-09-28.34097,"–37-54-16.1022",4.102,A2Va,2.3,,"Old Earth, the moon of a gas giant orbiting a pulsar, lies midway between this star and ALPHEKKA."
ALSAFI,"σ Draconis","σ",Draconis,"Sigma Draconis",cache,19-32-21.59026,+69-39-40.2354,4.674,"G9 V",0.87,,"G-class swarf, a fragment left over from the machining process of a much larger star."
ALSCIAUKAT,"31 Lyncis",31,Lyncis,"31 Lyncis",cache,08-22-50.13,+43-11-18.1,"+4.25
 ",,,,"Rare example of a feline species developing technological civilisation, due to an absence of hominid servants."
ALSHAIN,"β Aquilae",β,Aquilae,"Beta Aquilae",cache,19-55-18.8,+06-24-24,3.71/11.4,"G8 IVvar","1.26 ± 0.18",,"Sacred in the heavens of all worlds inhabited by winged creatures, home to the first swan consort."
ALSHAT,"ν Capricorni",ν,Capricorni,"Nu Capricorni",cache,,,+4.77,,,,"Blue dwarf star with companion bearing biosphere spectral fingerprint XXXEE98012A (""pleasure planet"")"
ALTAIR,"α Aquilae",α,Aquilae,"Alpha Aquilae",cache,19-50-46.99855,+08-52-05.9563,0.77,"A7 V",1.79,,"Celestial form of the Trickster deity in exile, the eagle consort. Known for its rapid rotation."
ALTAIS,"δ Draconis",δ,Draconis,"Delta Draconis",cache,19-12-33.30197,+67-39-41.5456,3.07,"G9 III",2.32,,"Yellow giant, the famed Space Elephants' Graveyard. Note that space elephants are a myth, tourists may be disappointed."
ALTARF,"β Cancri",β,Cancri,"Beta Cancri",cache,08-16-30.9206,+09-11-07.961,"3.536 ","K4III ",,,"K-giant, whose inhabitants worship reason and are involved in a bitter conflict with those of λ Leonis (the ""Tarf Wars"")"
ALTERF,"λ Leonis",λ,Leonis,"Lambda Leonis",cache,,,,,,,"K-giant, whose inhabitants worship reason and are involved in a bitter conflict with those of β Cancri (the ""Terf Wars"")"
ALUDRA,"η Canis Majoris",η,"Canis Majoris","Eta Canis Majoris",cache,07-24-05.70228,"–29-18-11.1798",2.450,"B5 Ia","19.19 ± 1.15",,"Leader of a pack of tough blue giants whose motto is ""Live fast, die young and leave a beautiful nebula."""
"ALULA AUSTRALIS","ξ Ursae Majoris",ξ,"Ursae Majoris","Xi Ursae Majoris",cache,,,"3.79 (4.32/4.84)","G0 Ve/G0 Ve",1.05/0.90,,"""Herschel's Palindromic Binary,"" thought at first to move back and forth rather than round and round."
"ALULA BOREALIS","ν Ursae Majoris",ν,"Ursae Majoris","Nu Ursae Majoris",cache,11-18-28.73664,+33-05-39.5107,+3.490,"K3 III",,,"K-type giant whose spectrum features strong loneliness and melancholy-alpha emission lines."
ALYA,"θ Serpentis",θ,Serpentis,"Theta Serpentis",cache,,,"''combined'': +4.03",,,,"Binary pair of A-type dwarf stars, one good and one evil, locked in a gravitational and moral stalemate."
ALZIRR,"ξ Geminorum",ξ,Geminorum,"Xi Geminorum",cache,06-45-17.36432,+12-53-44.1311,3.35,"F5 IV","1.706 ± 0.012",,"Large F-class star which is moving off the Main Sequence, ""not before time"", according to its parent cluster."
ANCHA,"θ Aquarii",θ,Aquarii,"Theta Aquarii",cache,22-16-50.03635,"–07-46-59.8480",4.175,"G8 III–IV",2.39,,"G-type star whose inhabitants, a race of mystic pedants, insist that their planets are moons of a long-vanished primary."
ANGETENAR,"τ² Eridani","τ²",Eridani,"Tau2 Eridani",cache,,,,,,,"Not to be confused with τ¹, τ³, τ⁴, τ⁵, τ⁶, τ⁷, τ⁸ or τ⁹ Eridani, which were cloned from it in a replicator outbreak."
ANKAA,"α Phoenicis",α,Phoenicis,"Alpha Phoenicis",cache,00-26-17.05140,"–42-18-21.5539",2.377,"K0.5 IIIb",,,"Quark star surrounded by an accretion disk of malodorous curds."
ANTARES,"α Scorpii",α,Scorpii,"Alpha Scorpii",cache,16-29-24|24.45970,-26-25-55|55.2094,+0.96,"M1.5Iab-b + B2.5V",12.4,,"Immense, irregular giant. Dark forms, none alike, move with ritual slowness over its vast red terraces."
APOLLYON,"ι¹ Scorpii",ι¹,Scorpii,"Iota1 Scorpii",cache,17-47-35.08113,"−40-07-37.1893",3.03,"F2 Ia","12.11 ± 0.66",,"Glossy black star which appears to shine solely by reflected light."
ARCTURUS,"α Boötis",α,Boötis,"Alpha Boötis",cache,14-15-39.7,+19-10-56,-0.04,"K1.5IIIFe-0.5
 ","1.10 ± 0.06",,"Important local hub of stellar alchemy, inhabited by a race of incredibly tendentious demiurges."
"ARKAB POSTERIOR","β² Sagittarii",β²,Sagittarii,"Beta2 Sagittarii",cache,,,,,,,"F-type giant, companion with biosphere spectral fingerprint HOL0045A966 (""hillbilly planet"")"
"ARKAB PRIOR","β¹ Sagittarii",β¹,Sagittarii,"Beta1 Sagittarii",cache,,,,,,,"Home to an order of Clone Monks, one of the few celibate religious communities with an overpopulation problem."
ARM,"η Capricorni",η,Capricorni,"Eta Capricorni",cache,,,+4.82,,,,"Binary system whose planet has a figure-8 orbit about both stars and was depopulated in the Calendar Wars."
ARNEB,"α Leporis",α,Leporis,"Alpha Leporis",cache,05-32-43.81612,-17-49-20.2414,2.589,"F0 Ib","13.9 ± 0.8",,"Progressive star with a warm, analogue spectrum. Its pastel chromosphere is a breeding-ground for dragons."
ARRAKIS,"μ Draconis",μ,Draconis,"Mu Draconis",cache,17-05-19.7,+54-28-13,"5.8 / 5.61",F7V,,,"Not to be confused with the fictional planet of CANOPUS. Don't ask the locals about sandworms. Really, just don't."
ASAFJKERIU,"ζ Capricorni",ζ,Capricorni,"Zeta Capricorni",cache,,,+3.77,,,,"Barium star whose name is thought to be due to a scribal error, later officially adopted as a publicity stunt."
ASCELLA,"ζ Sagittarii",ζ,Sagittarii,"Zeta Sagittarii",cache,19-02-36.73024,"–29-52-48.2279",+2.59,"A2.5 Va"," ",,"Binary system located at a point of torsion on the galactic animal."
"ASELLUS AUSTRALIS","δ Cancri",δ,Cancri,"Delta Cancri",cache,08-44-41.1,+18-09-15,+3.94,K0III,,,"Known as ARKUSHANANGARUSHASHUTU to the Babylonians, its heliacal rising marked the end of the Scrabble harvest."
"ASELLUS BOREALIS","γ Cancri",γ,Cancri,"Gamma Cancri",cache,,,+4.66,,,,"""Ghost star"", site of high demiurgic activity several cosmic years ago, now metal-depleted and forlorn."
"ASELLUS PRIMUS","θ Boötis",θ,Boötis,"Theta Boötis",cache,14-25-11.79703,+51-51-02.6769,4.05,"F7 V",1.3,,"Funk star which is fusing bass nuclei from lighter elements, forming a set of rhythmic shells around its core."
"ASELLUS SECUNDUS","ι Boötis",ι,Boötis,"Iota Boötis",cache,14-16-09.92995,+51-22-02.0267,4.75,"A9 V",2.3,,"Non-radially pulsating star with a companion that orbits on the downbeat, transmitting a rock-steady rhythm."
"ASELLUS TERTIUS","κ Boötis",κ,Boötis,"Kappa Boötis",cache,14-13-27.7,+51-47-16,"+4.53, +6.62",A8IV," ",,"Rapidly rotating variable star in which hemiola fusion gives rise to intricate celestial crossbeats."
ASMIDISKE,"ξ Puppis",ξ,Puppis,"Xi Puppis",cache,07-49-17.65567,-24-51-35.2305,3.35,"G6 Iab-Ib","9.9 ± 1.0",,"Home to a race which has transcended on a timeshare basis and lives in aloof discorporate bliss every other Wednesday."
ASPIDISKE,"ι Carinae",ι,Carinae,"Iota Carinae",cache,09-17-05.40686,-59-16-30.8353,2.21,"A9 Ib",7.4,,"White giant whose fourth planet is home to a race of respectable, hardy and decorative sentient plants."
ATIK,"ο Persei",ο,Persei,"Omicron Persei",cache,,,+3.83,,,,"Located at the intersection of sixteen different species' television broadcasts, its inhabitants speak only in catchphrases."
ATLAS,"27 Tauri",27,Tauri,"27 Tauri",cache,,,3.62,"B8 III",,,"A star built by libertarian AIs in which radiation from furious debate is balanced by the weight of government subsidies."
ATRIA,"α Trianguli Australis",α,"Trianguli Australis","Alpha Trianguli Australis",cache,16-48-39.89508,"–69-01-39.7626",1.91,"K2 IIb-IIIa",7,,"Home to a race of geometroids with the most stable stools and least stable relationships in the Galaxy."
"AULAD AL THIBA","λ Boötis",λ,Boötis,"Lambda Boötis",cache,14-16-23.0,+46-05-18,+4.18,A0p,1.66{{+-,,"Dwarf star of low metallicity, where ""metal"" is used in its astrophysical sense of any music harder than doo-wop."
AUVA,"δ Virginis",δ,Virginis,"Delta Virginis",cache,12-55-36.20861,+3-23-50.8932,3.402,"M3 III","1.4 ± 0.3",,"Deteriorating red giant with prominent sunspots and a bad infestation of space lice."
AVIOR,"ε Carinae",ε,Carinae,"Epsilon Carinae",cache,08-22-30.83526,-59-30-34.1431,1.86,"K3 III","9.0 ± 0.9",,"Named by the RAF in the 1930s, this binary star is one of the only two celestial systems on the Civil List."
AZELFAFAGE,"π¹ Cygni","π¹",Cygni,"Pi1 Cygni",cache,,,,,,,"Intermittently variable star with high velocity, trailing behind it a series of expanding nebulae or ""faffs""."
AZHA,"η Eridani",η,Eridani,"Eta Eridani",cache,,,,,,,"Beguiling object referred to in ancient songs as the ""Double Helix"". A mature star which has commenced jazz fusion."
BAHAM,"θ Pegasi",θ,Pegasi,"Theta Pegasi",cache,22-10-12,+06-11-52,"+3.53
 ",,,,"A-class dwarf with companion showing biosphere spectral fingerprint YDRA00C1000 (""gangster planet"")"
BASEL,"δ Persei",δ,Persei,"Delta Persei",cache,03-42-55.50426,+47-47-15.1746,3.01,"B5 III","7.0 ± 0.3",,"Imprisons a local warrior deity: the worlds his bones, the moons his teeth, yea, the comets his streaming hair."
"BATENTABAN AUSTRALIS","φ Draconis","φ",Draconis,"Phi Draconis",cache,18-20-45.4304,71-20-16.132,4.2004,A0sp,"2.99 ± 0.10",,"The ""Southern Drumhead""; a resonant volume stretched over the mouth of an abandoned wormhole."
"BATENTABAN BOREALIS","χ Draconis","χ",Draconis,"Chi Draconis",cache,18-21-03.38255,+72-43-58.2518,3.570,F7V,"1.029 ± 0.026",,"The ""Northern Drumhead"" (see BATENTABAN AUSTRALIS): now in a state of disrepair and infested by dragons."
BEEMIM,"υ² Eridani","υ²",Eridani,"Upsilon2 Eridani",cache,04-35-33.0385,"−30-33-44.429",3.817,G8IIIa,"1.38 ± 0.19",,"Home to immortal microbes whose vastly prolix language has only two words, ""beemim"" and ""theemim"" (""open"" and ""close"")."
BEID,"ο¹ Eridani",ο¹,Eridani,"Omicron1 Eridani",cache,,,,,,,"Home system of the poet Kem, its native idioms are used Galaxy-wide, for reasons as beid as the tholes on one's snowth."
BELLATRIX,"γ Orionis",γ,Orionis,"Gamma Orionis",cache,05-25-07.86325,+06-20-58.9318,1.64,"B2 III",8.4{{+-,,"B-type giant, home to a warrior race who have learnt new ways since the stronger females were wiped out by plague."
BENETNASCH,"η Ursae Majoris",η,"Ursae Majoris","Eta Ursae Majoris",cache,13-47-32.43776,+49-18-47.7602,+1.84,"B3 V","6.1 ± 0.1",,"Rare example of a brown giant, an unpopular class of star with a formidable stellar wind."
BETELGEUSE,"α Orionis",α,Orionis,"Alpha Orionis",cache,05-55-10.3053,+07-24-25.426,,M2Iab,"7.7–20",,"Magnificent stellar bonfire, the inrushing past light-cone of its detonation is already having strange local effects."
BETRIA,"β Trianguli Australis",β,"Trianguli Australis","Beta Trianguli Australis",cache,15-55-08.56206,-63-25-50.6155,2.85,"F1 V",,,"Fussy F-class star with three planets, each of which has three moons, each of which has three rings."
BIRDUN,"ε Centauri",ε,Centauri,"Epsilon Centauri",cache,13-39-53.25774,"−53-27-59.0081",+2.34,"B1 III","11.60 ± 1.06",,"B-class giant which pulsates steadily due to opacity hysteresis, from dark to quite sheer (&lt;40 denier)"
"BIRHAN ISAT","5 Tauri",5,Tauri,"5 Tauri",cache,03-30-52.37,+12-56-12.1,+4.14,K0II-III,4.0{{+-,,"K-giant orbited by Shun, home planet of the Hidden Masters. Open all hours, bookings essential for groups."
"THE BLAZE STAR","T Coronae Borealis",T,"Coronae Borealis","T Coronae Borealis",cache,15-59-30.16,25-55-12.6,"2.0–10.8",M3III,,,"Recurrent nova which is thought to contain the imprisoned soul of a cosmic temptress."
BOGARDUS,"θ Aurigae",θ,Aurigae,"Theta Aurigae",cache,05-59-43.27012,+37-12-45.3047,2.62,"A0pSi + F2-5V","3.38 ± 0.08",,"Binary system with planetary companion showing biosphere spectral fingerprint SPQ12A89BC0 (""ancient Roman planet"")"
BOTEJN,"δ Arietis",δ,Arietis,"Delta Arietis",cache,03-11-37.76465,+19-43-36.0397,4.349,"K2 III",1.91,,"Notorious stellar entrepôt. Many's the idle hour whiled away by spacers over hot rum beneath its bloated limb."
BRACHIUM,"σ Librae","σ",Librae,"Sigma Librae",cache,15-04-04.21608,"–25-16-55.0606",+3.29,"M3/M4 III",2.1,,"Abandoned red giant, remembered only in a song fragment: ""O supple airs of [lost|affordable] Brachium."""
BUNDA,"ξ Aquarii",ξ,Aquarii,"Xi Aquarii",cache,21-37-45.10931,"–07-51-15.1299",4.682,"A7 V",1.9,,"Dry white star with an elegant spectroscopic bouquet hinting at the presence of an unseen binary companion."
CALVERA,"1RXS J141256.0+792204",1RXS,J141256,"1RXS J141256.0+792204",cache,,,?,,,,"X-ray source, visible portion of a manifold parasite embedded in the galactic animal."
CANOPUS,"α Carinae",α,Carinae,"Alpha Carinae",cache,06-23-57.1099,-52-41-44.378,-0.72,"F0 II or F0 Ib","9.0–10.6",,"Famous as the Second Star To The Right, travellers should memorise its spectrum as a navigational aid. See also: DENEB."
CAPELLA,"α Aurigae",α,Aurigae,"Alpha Aurigae",cache,05-16-41.3591,+45-59-52.768,17.1,,,,"By an inevitable coincidence, the hircine inhabitants of this quadruple system refer to SOL as the ""Star of Apes""."
CAPH,"β Cassiopeiae",β,Cassiopeiae,"Beta Cassiopeiae",cache,00-09-10.68518,+59-08-59.2120,"+2.28 (2.25&ndash;2.31)","F2 III-IV","1.91 ± 0.02",,"Pulsating giant star,  anchored to the sky by a Skein remnant."
CASTOR,"α Geminorum",α,Geminorum,"Alpha Geminorum",cache,07-34-35.87319,+31-53-17.8160,"1.93 / 2.97","A1 V + A2 Vm",2.76,,"System of two A-giants and four M-dwarfs assembled by a demiurge who was basically showing off."
CASTRA,"ε Capricorni",ε,Capricorni,"Epsilon Capricorni",cache,,,+4.51/+9.5,,,,"Triple-star system constructed from military salvage following the Reionisation War."
CASTULA,"ν Cephei",ν,Cephei,"Nu Cephei",cache,21-45-26.93,+61-07-14.9,4.312,A2Iab,"15  ",,"Grand giant in a Gothic revival style, featuring immense solar buttresses supporting a filigree iron core."
CELAENO,"16 Tauri",16,Tauri,"16 Tauri",cache,03-44-48.2154,+24-17-22.093,+5.448,B7IV,"~9 - 10",,"Capital of the Pleiades, a beautifully planned system with some of the highest tides in the Galaxy."
CELBALRAI,"β Ophiuchi",β,Ophiuchi,"Beta Ophiuchi",cache,17-43-28.35265,+04-34-02.2955,2.749,"K2 III",1.13,,"K-type orange giant orbited by a stunningly beautiful ocean planet. Ah, the polychrome sunsets of Celbalrai Prime!"
CHARA,"β Canum Venaticorum",β,"Canum Venaticorum","Beta Canum Venaticorum",cache,12-33-44.54482,+41-21-26.9248,4.26,"G0 V","1.025 ± 0.050",,"Perky G-dwarf with doubled emission lines in the delight-alpha spectrum, indicating high self-esteem."
CHOO,"α Arae",α,Arae,"Alpha Arae",cache,17-31-50.49153,"−49-52-34.1220",2.93,"B2 Vne",9.6,,"Rapidly spinning stellar Catherine wheel with polar outflows, one of the few stars whose name is onomatopoeic."
CHORT,"θ Leonis",θ,Leonis,"Theta Leonis",cache,11-14-14.40446,+15-25-46.4541,+3.324,"A2 V",2.5,,"A-type main sequence star with companion bearing biosphere spectra fingerprint YOL023AA459 (""bro planet"")."
CHOW,"β Serpentis",β,Serpentis,"Beta Serpentis",cache,,,"+3.65 ",,,,"A-dwarf, home system of the Tentacle, a tree which evolved into an orbital elevator."
"COR CAROLI","α Canum Venaticorum",α,"Canum Venaticorum","Alpha Canum Venaticorum",cache,12-56-01.6674,+38-19-06.167,"2.84 to 2.98",A0pSiEuHg,,,"Widely-separated binary whose members are staying together for the sake of the planets."
CURSA,"β Eridani",β,Eridani,"Beta Eridani",cache,05-07-50.98549,"−05-05-11.2055",2.796,"A3 III var",2.0,,"Variable rectangular green or amber star, used as a Galactic placeholder."
"DABIH MAJOR","β¹ Capricorni",β¹,Capricorni,"Beta1 Capricorni","not found",,,,,,,"Has a complicated spectrum showing features typical of K-giants, B-dwarfs and halogen downlighting."
"DABIH MINOR","β² Capricorni",β²,Capricorni,"Beta2 Capricorni","not found",,,,,,,"Bright A-type giant with elevated levels of zinc and manganese, indicating a healthy immune system."
DALIM,"α Fornacis",α,Fornacis,"Alpha Fornacis",cache,3-12-04.5277,"–28-59-15.425",3.85,F8IV,"1.33 ± 0.01",,"Dwarf star, home to a race of energy beings who are unique in their refusal to meddle with protagonists."
DELTA,"δ Andromedae",δ,Andromedae,"Delta Andromedae",cache,00-39-19.67518,+30-51-39.6783,3.28,"K3 III",~1.8,,"K-giant held in a vast conical fold in space-time known as The Sconce. Prone to spluttering."
DELTOTUM,"β Trianguli",β,Trianguli,"Beta Trianguli",cache,02-09-32.62712,+34-59-14.2694,+3.00,A5III,,,"Home to a species so hostile that nothing is known of them but their name, or possibly its first three syllables."
DENEB,"α Cygni",α,Cygni,"Alpha Cygni",cache,20-41-25.9,+45-16-49,1.25,"A2 Ia","19 ± 4",,"Landmark, not to be confused with DENEB AL OKAB, DENEB ALGEDI, DENEB KAITOS, DENEB KAITOS SHEMALI, DENEBAKRAB or DENEBOLA."
"DENEB AL OKAB","ζ Aquilae",ζ,Aquilae,"Zeta Aquilae",cache,19-05-24.60802,+13-51-48.5182,2.983,"A0 Vn",2.37,,"Double star with a circumstellar disk of dust, gas, ash, perfume, broken heels and theatre tickets."
"DENEB ALGEDI","δ Capricorni",δ,Capricorni,"Delta Capricorni",cache,21-47-02.44424,-16-07-38.2335,2.81,"A7m III",2.0,,"Eclipsing binary consisting of a G-dwarf which periodically sits on top of an A-giant, winding it."
"DENEB KAITOS","β Ceti",β,Ceti,"Beta Ceti",cache,00-43-35.37090,"–17-59-11.7827",2.02,"K0 III",2.8,,"Superb orange giant. The ice moons of its outer planets are undergoing Thaw-Renaissance as it expands."
"DENEB KAITOS SHEMALI","ι Ceti",ι,Ceti,"Iota Ceti",cache,,,,,,,"K-dwarf settled by migrants from DENEB KAITOS who believed that the latter was about to become a supernova."
DENEBAKRAB,"μ¹ Scorpii",μ¹,Scorpii,"Mu1 Scorpii",cache,16-51-52.23111,-38-02-50.5694,+3.04,"B1.5 V + B6.5 V","8.49 ± 0.05",,"Close binary system where one star's mass is spilling onto the other, a famed location for extreme sports."
DENEBOLA,"β Leonis",β,Leonis,"Beta Leonis",cache,11-49-03.57834,+14-34-19.4090,2.113,"A3 V",1.75,,"Hazardous system constructed as an early Skein experiment, bound with topological defect cables rather than gravity."
DIADEM,"α Comae Berenices",α,"Comae Berenices","Alpha Comae Berenices",cache,13-09-59.2766,+17-31-45.953,"4.29 to 4.35","A: F5V / B: F5V",,,"Ornate white binary in a brilliant setting of carbon planets and ice giants."
DIPTERA,"β Muscae",β,Muscae,"Beta Muscae",cache,12-46-16.80410,"–68-06-29.2164","3.05 (3.51 + 4.01)","B2 V + B3 V",7.35,,"Compound star, a relentlessly swarming mass of blue-black starlets."
"THE DOUBLE DOUBLE","ε Lyrae",ε,Lyrae,"Epsilon Lyrae",cache,18-44-20.3453,+39-40-12.444,,"F1V / A8V",,,"Thought at first to be quadruple, this system is now known to be recursive and indefinitely large."
DSCHUBBA,"δ Scorpii",δ,Scorpii,"Delta Scorpii",cache,16-00-20.00528,"–22-37-18.1431",2.307,"B0.3 IV","19.7 ± 0.1,",,"Prophesied to one day unite the BATENTABANS, PHACD, SCHEAT and USHAKARON in a mighty empire known as the Epic Solo."
DUBHE,"α Ursae Majoris",α,"Ursae Majoris","Alpha Ursae Majoris",cache,11-03-43.67152,+61-45-03.7249,1.79,"K1 II-III",,,"Quadruple system, home of the Grey Giants, living planets which purr unceasingly along their orbits."
DZIBAIN,"ψ¹ Draconis","ψ¹",Draconis,"Psi1 Draconis","not found",,,,,,,"Binary star orbited by a beige dwarf just massive enough to sustain classical fusion."
EKKHYSIS,"λ Aquarii",λ,Aquarii,"Lambda Aquarii",cache,22-52-36.87441,"−07-34-46.5542",3.722,"M2.5 IIIa Fe–1",3.6,,"Red giant, ever expanding and contracting its formless, evanescent and delicate outer layers."
"EL NATH","β Tauri",β,Tauri,"Beta Tauri",cache,05-26-17.5134,28-36-27.494,1.68,B7III,"5.0 ± 0.1",,"Unlike most meteor showers, which only appear to come from their radiant, the Beta Taurids actually come from EL NATH."
"EL REHLA","τ Puppis","τ",Puppis,"Tau Puppis",cache,06-49-56.16846,"–50-36-52.4437",+2.95,"K1 III",,,"Solipsistic object with the power to convince others that it is the only star in the cosmos. Not to be approached."
ELECTRA,"17 Tauri",17,Tauri,"17 Tauri",cache,,,,,,,"Blue giant star which is fusing hybris in its core, giving rise to strong nemesis and vengeance emission lines."
ELTANIN,"γ Draconis",γ,Draconis,"Gamma Draconis",cache,17-56-36.36988,51-29-20.0242,2.3617,"K5 III",1.72,,"Red giant whose primary is home to a race of flightless interstellar dragons who have adapted to life planetside."
ELVASHAK,"α Lyncis",α,Lyncis,"Alpha Lyncis",cache,09-21-03.30074,+34-23-33.2245,+3.13,"K7 III",,,"Plaid orange giant with the best hot wings in the Orion Arm."
ENIF,"ε Pegasi",ε,Pegasi,"Epsilon Pegasi",cache,21-44-11.15614,+09-52-30.0311,2.399,"K2 Ib","11.7 ± 0.8",,"Monstrous red giant of evil reputation, the Bloated One, the Maw, the Devourer, the Stain."
ERRAI,"γ Cephei",γ,Cephei,"Gamma Cephei",cache,23-39-20.85,+77-37-56.2,3.22,,"1.40 ± 0.12",,"Orange subgiant with red dwarf companion. The polychrome sundials of its planet are famed for their exquisite beauty."
FIEHT,"ζ Ophiuchi",ζ,Ophiuchi,"Zeta Ophiuchi",cache,16-37-09.53905,"–10-34-01.5295",2.569,"O9.5 V",20.0,,"Young blue giant moving at high speed through the interstellar medium, its bow shock a rich feeding ground for dragons."
FOMALHAUT,"α Piscis Austrini",α,"Piscis Austrini","Alpha Piscis Austrini",cache,22-57-39.0465,"−29-37-20.050","1.16 ","A3 V ",{{val,,"Fabled as the site of an ingestive organ of the galactic animal, a magnet for explorers and thaumaturges."
"FOO PIH","γ Hydri",γ,Hydri,"Gamma Hydri",cache,03-47-14.34062,-74-14-20.2686,,,,,"Red giant with companion bearing biosphere spectral fingerprint AAA10011011 (""robot planet"")."
FORAMEN,"η Carinae",η,Carinae,"Eta Carinae",cache,10-45-03.591,"−59-41-04.26","−0.8 to 7.9","BIae-0 / OI","120 / 30",,"Mighty beacon, soon to be used as an extragalactic signal by demiurges. Projected message content: ""NOT YET."""
"FUM AL FARAS","ν Pegasi",ν,Pegasi,"Nu Pegasi","not found",,,,,,,"K-giant, home to the Clockworld, a sublight event clearing house established by the Fourth Empire, now derelict."
"FUM AL SAMAKAH","β Piscium",β,Piscium,"Beta Piscium",cache,,,+4.53,,,,"Flattened, fast-rotating B-giant, a tracery of tormented gas fretted by blue lightning."
FURUD,"ζ Canis Majoris",ζ,"Canis Majoris","Zeta Canis Majoris",cache,06-20-18.79204,"–30-03-48.1202",+3.025,"B2.5 V","7.7 ± 0.2",,"Example of a breathing star whose mild variations accelerate when it is observed."
GACRUX,"γ Crucis",γ,Crucis,"Gamma Crucis",cache,12-31-09.95961,-57-06-47.5684,+1.63,"M3.5 III","1.3 ± 0.1",,"Sacred to raptors on many worlds, the closest red giant star to SOL."
GATRIA,"γ Trianguli Australis",γ,"Trianguli Australis","Gamma Trianguli Australis",cache,15-18-54.58198,"–68-40-46.3654",+2.87,"A1 V"," ",,"A-subgiant, a vast white tetrahedron held in shape by powerful magnetic fields."
GEMINGA,"PSR B0633+17",PSR,B0633,"PSR B0633+17","not found",,,,,,,"Pulsar, wanders the skies making friends and distorting space-time. Maybe tomorrow, it will want to settle down."
GIAUSAR,"λ Draconis",λ,Draconis,"Lambda Draconis",cache,,,,,,,"Believed to be the dragons' home system, a red giant orbited by the embers of ancient carbon planets."
GIENAH,"ε Cygni",ε,Cygni,"Epsilon Cygni",cache,20-46-12.68236,+33-58-12.9250,2.480,"K0 III",~2,,"K-giant fitted with solar wind baffles by which its inhabitants are very gradually altering its trajectory."
"GIENAH GURAB","γ Corvi",γ,Corvi,"Gamma Corvi",cache,12-15-48.37081,"–17-32-30.9496",2.585,"B8 III",4.2{{+-,,"B-giant, home of the fabled Dream Planet, a world free from causalty. Visitors are usually punished by trite curses."
GIRTAB,"κ Scorpii",κ,Scorpii,"Kappa Scorpii",cache,17-42-29.27520,"–39-01-47.9391",2.39,"B1.5 III",17,,"Binary star. All the rocky bodies in its system have been carved into the same form, which may represent a face."
GOMEISA,"β Canis Minoris",β,"Canis Minoris","Beta Canis Minoris",cache,07-27-09.04174,+08-17-21.5368,2.89,"B8 Ve",3.5,,"Blue star with restorative properties, whose local name is Peace [Dampness] After Weeping."
"GORGONEA QUARTA","ω Persei","ω",Persei,"Omega Persei",cache,,,+4.63,,,,"K-dwarf, evil subsidiary of ALGOL, acts as a galactic sump. Every direction in its system is down."
"GORGONEA SECUNDA","π Persei","π",Persei,"Pi Persei",cache,,,+4.7,,,,"A-giant, evil subsidiary of ALGOL. The rise and fall of empires are foretold by its shifting blemishes."
"GORGONEA TERTIA","ρ Persei","ρ",Persei,"Rho Persei",cache,03-05-10.59385,+38-50-24.9943,+3.39,"M4 II",5.0,,"Large red giant, evil subsidiary of ALGOL. All of the constellations visible from this system are obscene."
GRAFFIAS,"β Scorpii",β,Scorpii,"Beta Scorpii",cache,16-05-26.23198,"–19-48-19.6300",,"B0.5V + B2V",10,,"Sextuple system where space flight was invented in the steam age, its history inspired the first space operas."
GRUID,"β Gruis",β,Gruis,"Beta Gruis",cache,22-42-40.05027,-46-53-04.4752,2.146,"M5 III",2.4,,"Pre-Copernican system established as a supernature preserve. Access within its celestial sphere is strictly controlled."
GRUMIUM,"ξ Draconis",ξ,Draconis,"Xi Draconis",cache,17-53-31.72962,+56-52-21.5143,3.75,"K2 III","1.45 ± 0.17",,"Orange, metal-rich star populated by demons who have fitted it with active volcanoes. No-one is quite sure how."
HADAR,"β Centauri",β,Centauri,"Beta Centauri",cache,14-03-49.40535,"–60-22-22.9266",0.60,"B1 III","10.7 ± 0.1",,"Blue giant star which has evolved away from the Main Sequence in search of something it refers to as ""the new sound""."
HAMAL,"α Arietis",α,Arietis,"Alpha Arietis",cache,02-07-10.40570,+23-27-44.7032,2.00,"K2 III Ca-1","1.5 ± 0.2",,"Its inhabitants invented interstellar flight before science fiction. Lacking preconceptions, they conquered the Galaxy."
HATSYA,"ι Orionis",ι,Orionis,"Iota Orionis",cache,05-35-25.98191,"–05-54-35.6435",2.77,"O9 III + B0.8 III/IV",,,"Close binary pair with a wide age difference, resulting in high X-ray emissions and the disapproval of neighbours."
"HEAD OF HYDRUS","α Hydri",α,Hydri,"Alpha Hydri",cache,01-58-46.19467,"−61-34-11.4948",+2.90,"F0 IV",2.0,,"Sensory organ of the galactic animal, manifests as an ever-changing succession of glowing, biomorphic forms."
HECATEBOLUS,"τ Sagittarii","τ",Sagittarii,"Tau Sagittarii",cache,19-06-56.40897,"–27-40-13.5189",+3.326,"K1 III"," ",,"K-subgiant, home to a species whose habit of transmitting powerful, enigmatic signals has wrecked their economy."
HEZE,"ζ Virginis",ζ,Virginis,"Zeta Virginis",cache,13-34-41.59115,"–0-35-44.9487",+3.376,"A3 V","2.041 ± 0.024",,"Apparently ordinary A-dwarf which emits entangled photons, hinting that it is an experimental construct."
"HOEDUS I","ζ Aurigae",ζ,Aurigae,"Zeta Aurigae",cache,05-02-28.68739,+41-04-33.0200,3.751,"K5 Ib-II + B5–7 V","4.94 ± 0.79",,"Orange giant orbiting a hot blue subgiant, its eclipses were described by Sagan as ""like drinking a rainbow""."
"HOEDUS II","η Aurigae",η,Aurigae,"Eta Aurigae",cache,05-06-30.89337,+41-14-04.1127,3.18,"B3 V","5.4 ± 0.3",,"Blue dwarf, origin of Clear Spot, one of the more successful galactic religious franchises."
HOMAM,"ζ Pegasi",ζ,Pegasi,"Zeta Pegasi",cache,22-41-27.72072,+10-49-52.9079,+3.414,"B8 V"," ",,"Fabled system, merely to say its name is to be transported there. Species without FTL are advised not to say its name."
HYDROBIUS,"ζ Hydrae",ζ,Hydrae,"Zeta Hydrae",cache,08-55-23.62614,+05-56-44.0354,3.10,"G9 II-III",4.2,,"G-type giant trundled across the heavens by a large beetle. Sacred in the skies of all insect worlds."
JABBAH,"ν Scorpii",ν,Scorpii,"Nu Scorpii",cache,,,"''combined'': +4.00",,,,"Septuple system of blue dwarfs in a blue nebula, the day and night skies of its worlds are a shimmering uniform haze."
"JABHAT AL AKRAB","ω Scorpii","ω",Scorpii,"Omega Scorpii",cache,,,"+3.93 ",,,,"Capital star of the Scorpio association, a group of local up-and-coming supernova candidates."
JIH,"κ Pegasi",κ,Pegasi,"Kappa Pegasi",cache,21-44-38.7344,+25-38-42.128,4.159,F5IV,1.55/1.66/0.81,,"Home of the Yassa, a minor stellar empire founded by nomadic horselords whose spacefleets consisted largely of fodder scows."
"JUXTA CRUCEM","ε Crucis",ε,Crucis,"Epsilon Crucis",cache,12-21-21.6,-60-24-4,3.56,K3III,"1.42 ± 0.22",,"Orange giant, held in many religions to be the site of an ancient sacrifice. Mysteriously, it has no planets."
KABDHILINAN,"ι Aurigae",ι,Aurigae,"Iota Aurigae",cache,04-56-59.62109,+33-09-57.9585,2.69,"K3 II","7.1 ± 0.7",,"Grand K-giant supporting a prosperous system of brown, charcoal and off-white dwarfs."
KAFFALJIDHMA,"γ Ceti",γ,Ceti,"Gamma Ceti",cache,02-43-18.03910,+03-14-08.9390,3.47,"A3 V + F3 V + K5"," ",,"Triple star described by Struve as ""an extraordinary  nontuple system"" before he cut down to three cups a day."
KAJAM,"ω Herculis","ω",Herculis,"Omega Herculis",cache,16-25-24.9533,14-01-59.770,4.5821,"B9p Cr",,,"Not a star but the still-burning remains of an asteroid struck by a gluon-plasma superweapon known as the Big Stick."
"KAUS AUSTRALIS","ε Sagittarii",ε,Sagittarii,"Epsilon Sagittarii",cache,18-24-10.31840,"–34-23-04.6193",+1.85,"B9.5 III","3.515 ± 0.138",,"Blue subgiant, terminal point of a weaponised Skein remnant, surrounded by dangerous void currents."
"KAUS BOREALIS","λ Sagittarii",λ,Sagittarii,"Lambda Sagittarii",cache,18-27-58.24072,-25-25-18.1146,+2.82,"K0 IV",2.6,,"Attached to KAUS AUSTRALIS by a Skein remnant, tension is stretching the manifold here to near breaking point."
"KAUS MEDIA","δ Sagittarii",δ,Sagittarii,"Delta Sagittarii",cache,18-20-59.64354,-29-49-41.1659,+2.70,"K3 III","3.35 ± 0.34",,"K-type giant which will be projected at 0.5 c by a stressed Skein remnant when its void hawsers are severed."
KEID,"ο² Eridani",ο²,Eridani,"Omicron2 Eridani",cache,04-15-16.320,"−07-39-10.34",,K1V,"0.84 ",,"Triple system, known locally as the Broken Husk, the relic of a forgotten event of cosmic rebirth."
KHAMBALIA,"λ Virginis",λ,Virginis,"Lambda Virginis",cache,,,+4.52,,,,"Home to the Spice Planets, famed for their schools of xenogastrosophy: ""Everything's delicious to somebody."""
KITALPHA,"α Equulei",α,Equulei,"Alpha Equulei",cache,,,"+3.92 ",,,,"A-dwarf orbiting a G-giant, a close and somewhat codependent binary pair."
KLEEIA,"δ³ Tauri",δ³,Tauri,"Delta3 Tauri",cache,,,,,,,"Modernist triple system, three circular outlines with primitive rays in a bold, assured and vigorous style."
KOCHAB,"β Ursae Minoris",β,"Ursae Minoris","Beta Ursae Minoris",cache,14-50-42.32580,+74-09-19.8142,2.08,"K4 III","2.2 ± 0.3",,"Retired Pole Star of Earth, delegate to the Lodestar Club and composer of that body's anthem, the Precessional."
KORNEPHOROS,"β Herculis",β,Herculis,"Beta Herculis",cache,16-30-13.19955,+21-29-22.6008,2.81,"G7 IIIa",2.9,,"Yellow giant with companion bearing biosphere spectral fingerprint VOV01CEA998 (""dessert planet"")"
KRAZ,"β Corvi",β,Corvi,"Beta Corvi",cache,12-34-23.23484,"−23-23-48.3374",2.647,"G5 II","3.7 ± 0.1",,"G-giant, setting of the famous series of eponymous genitive epics, now in its 611th instalment (""Prince-Bishops of Kraz"")."
"KULLAT NUNU","η Piscium",η,Piscium,"Eta Piscium",cache,,,+3.62,,,,"Bright giant, home to an aquatic species whose custom of luring terrestrial creatures (""beasting"") is controversial."
KUMA,"ν Draconis",ν,Draconis,"Nu Draconis",cache,17-32-10.56856,+55-11-03.2739,,"A6 V",,,"Yll's field work here led to her theory that dragons are the result of convergent bioengineering by many species."
"LA SUPERBA","Y Canum Venaticorum",Y,"Canum Venaticorum","Y Canum Venaticorum",cache,,,"+4.8 to +6.3",C5,3,,"Beautiful ruby star, thought to be past its prime by some observers but still adored by devotees."
LESATH,"υ Scorpii","υ",Scorpii,"Upsilon Scorpii",cache,17-30-45.83712,"–37-17-44.9285",2.70,"B2 IV","11.4 ± 0.5",,"Louche blue star whose crumbling worlds slouch in stops and starts on their slipping orbits."
"LUCIDA ANSERIS","α Vulpeculae",α,Vulpeculae,"Alpha Vulpeculae",cache,19-28-42.3,+24-39-54,+4.44,,,,"Home to two species who have overcome their predator-prey relationship to establish a peaceful civilisation."
"LUCIDA OPPIDI","π Sagittarii","π",Sagittarii,"Pi Sagittarii",cache,19-09-45.83293,"–21-01-25.0103",+2.89,"F2 II","5.9 ± 0.3",,"Triple system whose primary planet is covered by a world-city and orbited by asteroid-suburbs."
LUCY,"V886 Centauri",V886,Centauri,"V886 Centauri",cache,12-38-49.93,-49-48-01.2,14.0,DAV4.4,1.10,,"Diamond star inhabited by ultradense nuclear-spin beings who refer to the rest of the Galaxy as ""the fluffiverse""."
MAASYM,"λ Herculis",λ,Herculis,"Lambda Herculis",cache,17-30-44.3099,+26-06-38.323,4.402,K4III,,,"The migratory habits of stars are not well understood. This K-giant is believed to mark SOL'S ancestral breeding ground."
"THE MAGNIFICENT SEVEN","RX J1856.5-3754 et. al.",RX,J1856,"RX J1856.5-3754 et. al.","not found",,,,,,,"Posse of maverick neutron stars in an uneasy alliance against a common foe."
MAIA,"20 Tauri",20,Tauri,"20 Tauri",cache,03-45-49.6067,24-22-03.895,3.871,B8III,4+,,"Blue giant, resort system of the Pleiades cluster. Massive ocean worlds bask in surrender beneath its violet rays."
MARFAK,"κ Herculis",κ,Herculis,"Kappa Herculis",cache,16-08-04.5255,17-02-49.129,5.1628,"G8III ",3.4,,"G-giant, home to a hominid species whose philosophy is based solely on reason. At war with MARFARK and MARFIK."
MARFARK,"θ Cassiopeiae",θ,Cassiopeiae,"Theta Cassiopeiae",cache,,,+4.34,,,,"A-dwarf, home to a bureaubot species whose philosophy is based solely on rezoning. At war with MARFAK and MARFIK."
MARFIK,"λ Ophiuchi",λ,Ophiuchi,"Lambda Ophiuchi",cache,16-30-54.8229,+01-59-02.123,3.90,A0V+,,,"Binary star, home to a vegetable species whose philosophy is based solely on rhizomes. At war with MARFAK and MARFARK."
MARKAB,"k¹ Puppis",k¹,Puppis,"k¹ Puppis",cache,23-04-45.65345,+15-12-18.9617,2.48,"B9 III ",2.6,,"Blue giant, third of the second set of line-of-sight cognates identified by Yule (see also ACAMAR, ACHERNAR)."
MARKAB,"k² Puppis",k²,Puppis,"k² Puppis",cache,23-04-45.65345,+15-12-18.9617,2.48,"B9 III ",2.6,,"Blue giant, it and k¹ Puppis comprise the only Yulean cognate pair to have ever been collinear with SOL."
MARKAB,"α Pegasi",α,Pegasi,"Alpha Pegasi",cache,23-04-45.65345,+15-12-18.9617,2.48,"B9 III ",2.6,,"B-giant. A concerted attempt by Yule's colleagues to ""correct"" its name to ""MARKCD"" provoked a diplomatic incident."
MARKAB,"κ Velorum",κ,Velorum,"Kappa Velorum",cache,23-04-45.65345,+15-12-18.9617,2.48,"B9 III ",2.6,,"Yule's attempts to explain the fourth MARKAB destroyed his reputation; he died before the discovery of Old Earth."
MATAR,"η Pegasi",η,Pegasi,"Eta Pegasi",cache,22-43-00.13743,+30-13-16.4822,+2.95,"G2 II + F0 V","3.82 ± 0.52",,"Duress binary pair consisting of a bright giant which has captured an F-dwarf against the latter star's will."
MEBSUTA,"ε Geminorum",ε,Geminorum,"Epsilon Geminorum",cache,06-43-55.92626,+25-07-52.0515,+3.06,"G8 Ib","19.2 ± 0.1",,"G-giant in an advanced and startling phase of stellar evolution which appears to be growing limbs."
MEGREZ,"δ Ursae Majoris",δ,"Ursae Majoris","Delta Ursae Majoris",cache,12-15-25.56063,+57-01-57.4156,+3.312,"A3 V",1.63,,"Evil star on which a race of rats live, in defiance of an ancient proverb."
MEISSA,"λ Orionis",λ,Orionis,"Lambda Orionis",cache,05-35-08.27761,+09-56-02.9611,"3.54 / 5.61","O8 III + B0.5 V","27.9 ± 3.3",,"Fine star with a hard ceramic interior, delicate blue underglaze and extensive craquelure."
MEKBUDA,"ζ Geminorum",ζ,Geminorum,"Zeta Geminorum",cache,07-04-06.53079,+20-34-13.0739,"3.93 (3.68 to 4.16)",G0Ibv,"7.7 ± 0.3",,"Egotistical Cepheid variable, its spectrum a single voiceless word, at all wavelengths, in all languages: ""MEKBUDA!"""
MENKALINAN,"β Aurigae",β,Aurigae,"Beta Aurigae",cache,05-59-31.72293,+44-56-50.7573,+1.90,"A1m IV + A1m IV","2.389 ± 0.013",,"Close pair of white giants orbited by a red dwarf whose inhabitants gaze on the mighty pair with joy and terror."
MENKAR,"α Ceti",α,Ceti,"Alpha Ceti",cache,03-02-16.77307,+04-05-23.0596,2.53,"M1.5 IIIa","2.3 ± 0.2",,"Red giant with companion bearing biosphere spectral fingerprint JTJ673AA560 (""utopia planet, feminist separatist"")"
MENKENT,"θ Centauri",θ,Centauri,"Theta Centauri",cache,14-06-40.94752,"–36-22-11.8371",+2.06,"K0 III"," ",,"Planetless K-giant embedded in a structural element of the galactic animal, perhaps as an ancient safety marker."
MENKIB,"ξ Persei",ξ,Persei,"Xi Persei",cache,03-58-57.9011,+35-47-27.717,4.042,O7.5IIIe,"40 ",,"Blue giant, one of the hottest nearby stars, a popular location for spacefaring civilizations to see and be seen."
MERAK,"β Ursae Majoris",β,"Ursae Majoris","Beta Ursae Majoris",cache,11-01-50.47654,+56-22-56.7339,+2.37,"A1 V",2.7,,"A-type star whose circumstellar disk supports a rich ecosystem of plasms and drifters."
MERGA,"38 Boötis",38,Boötis,"38 Boötis",cache,,,+5.76,,,,"F-giant, one of the Filter Stars, surrounded by tempting artefacts and puzzles which lead explorers to a special prize."
MEROPE,"23 Tauri",23,Tauri,"23 Tauri",cache,03-46-19.5739,23-56-54.090,4.113,B6IVe," ",,"Blue giant surrounded by a hazy nebula through which its circling planets trace expanding copper-pink spirals."
MESARTHIM,"γ Arietis",γ,Arietis,"Gamma Arietis",cache,01-53-31.81479,+19-17-37.8790,"3.86 (4.58/4.64)","B9 V + A1p Si"," ",,"Binary sustained by the prayers of its inhabitants. It slid 3ly galactic south when they were interrupted by meteors."
MIAPLACIDUS,"β Carinae",β,Carinae,"Beta Carinae",cache,09-13-11.97746,"–69-43-01.9473",1.68,"A1 III–",3.5,,"Serene water star, a cloud of white vapour surrounding a core of ultradense ice."
MIMOSA,"β Crucis",β,Crucis,"Beta Crucis",cache,12-47-43.26877,"–59-41-19.5792",1.25,"B0.5 III",16,,"Intricate blue dwarf, home to the Machine Elves, a race of minor demiurges. Only to be approached by astral travel."
MINARUJA,"σ Hydrae","σ",Hydrae,"Sigma Hydrae",cache,,,4.44,,,,"K-type star, last outpost before the Uninhabited Spot, a bustling mercantile zone and tax haven."
MINKAR,"ε Corvi",ε,Corvi,"Epsilon Corvi",cache,12-10-07.48058,"–22-37-11.1620",+3.024,"K2 III",3.2,,"K-giant, home to an avian race who aspire to flightlessness and who proudly style themselves ""they who creep""."
MINTAKA,"δ Orionis",δ,Orionis,"Delta Orionis",cache,05-32-00.4,"−00-17-57","2.23 (3.2/3.3) / 6.85 / 14.0
 ","O9.5 II + B0.5III
 ",20,,"Hot O and B giants in a tight orbit, a celestial amour fou which must end with one or both partners going supernova."
MIRA,"ο Ceti",ο,Ceti,"Omicron Ceti",cache,02-19-20.79210,"–02-58-39.4956",3.04,"M7 IIIe",1.18,,"Magnificent system, a white dwarf linked to a pulsing red giant by a vast stream of glowing gas teeming with new life."
MIRACH,"β Andromedae",β,Andromedae,"Beta Andromedae",cache,01-09-43.92388,+35-37-14.0075,2.05,"M0 III",3&ndash;4,,"Illusory red giant, believed to have been constructed as a decoy by a local trickster deity."
MIRAM,"η Persei",η,Persei,"Eta Persei",cache,,,+3.76,,,,"Folksy K-type star which prides itself on being ""the biggest little subgiant in the Orion Arm""."
MIRFAK,"α Persei",α,Persei,"Alpha Persei",cache,03-24-19.37009,+49-51-40.2455,1.806,"F5 Ib","7.3 ± 0.3",,"Brilliant white giant, capital star of the Alpha Persei Cluster. Not to be confused with MARFAK, MARFARK or MARFIK."
MIZAR,"ζ Ursae Majoris",ζ,"Ursae Majoris","Zeta Ursae Majoris",cache,,,"2.23 ","A2 V/A2 V/A1 V ",,,"Quadruple system with a peaceful polity based entirely on eclipse cycles and psychedelic spore consumption."
MOTHALLAH,"α Trianguli",α,Trianguli,"Alpha Trianguli",cache,01-53-04.90710,+29-34-43.7801,+3.42,F5III,1.70,,"F-type instar, a rapidly rotating chrysalis, faintly visible forms within hint at the next stage of its life-cycle."
MUHLIFAIN,"γ Centauri",γ,Centauri,"Gamma Centauri",cache,12-41-31.04008,"−48-57-35.5375",+2.17,A1IV+,2.91,,"The Two Things, binary system home to a saurian race whose language lacks precise nouns. See also: MULIPHEIN"
MULIPHEIN,"γ Canis Majoris",γ,"Canis Majoris","Gamma Canis Majoris",cache,,,+4.11,,,,"Uninhabited A-giant named the Two Things, That One, Hare, the Lexicographer's Oath. See also: MUHLIFAIN"
MUPHRID,"η Boötis",η,Boötis,"Eta Boötis",cache,13-54-41.07892,+18-23-51.7946,2.680,"G0 IV","1.71 ± 0.05",,"Mature vaudeville star, source of low comedy and high jinks. The ""sad trombone"" sound was invented on its fourth planet."
MURZIM,"β Canis Majoris",β,"Canis Majoris","Beta Canis Majoris",cache,06-22-41.98535,-17-57-21.3073,1.985,"B1 II-III","13.5 ± 0.5",,"B-giant with planetary companion bearing biosphere spectral fingerprint LID106AD569 (""hat planet"")"
MUSCIDA,"ο Ursae Majoris",ο,"Ursae Majoris","Omicron Ursae Majoris",cache,08-30-15.87064,+60-43-05.4115,+3.35,"G4 II–III",3.09,,"Parallel version of MUSCIDA and MUSCIDA (qq.v.) Here, the third mandibular consonant has no voiced form."
MUSCIDA,"π¹ Ursae Majoris","π¹","Ursae Majoris","Pi1 Ursae Majoris",cache,08-30-15.87064,+60-43-05.4115,+3.35,"G4 II–III",3.09,,"Parallel version of MUSCIDA and MUSCIDA (qq.v.) Here, the Ovipositor Coup was crushed; males are still chattels."
MUSCIDA,"π² Ursae Majoris","π²","Ursae Majoris","Pi2 Ursae Majoris",cache,08-30-15.87064,+60-43-05.4115,+3.35,"G4 II–III",3.09,,"Parallel version of MUSCIDA and MUSCIDA (qq.v.) Here, a time-traveller to the Mammal Age prevented civilisation."
MYIA,"α Muscae",α,Muscae,"Alpha Muscae",cache,12-37-11.01789,"–69-08-08.0332",+2.69,"B2 IV-V","8.8 ± 0.1",,"Oasis system whose multiple worlds have biomes to suite any traveller. Beware of nearby mirages."
NAOS,"ζ Puppis",ζ,Puppis,"Zeta Puppis",cache,08-03-35.1,"−40-00-11.6","2.21
 ",O4If(n)p,22.5,,"O-type giant on the run from its home cluster, an extremely ultraviolet star bound to end as a black hole or worse."
NASHIRA,"γ Capricorni",γ,Capricorni,"Gamma Capricorni",cache,21-40-05.4563,"−16-39-44.308",+3.69,F0p,,,"Famed as the ""Lucky Star"", its planet has survived gas clouds, dragons, strangelets, invasions and terraforming."
NAVI,"γ Cassiopeiae",γ,Cassiopeiae,"Gamma Cassiopeiae",cache,00-56-42.50108,+60-43-00.2984,2.47,"B0.5 IVe","19.3 ± 0.1",,"Fine example of a shell star, this B-subgiant has made its home in an older star's discarded integument."
NEKKAR,"β Boötis",β,Boötis,"Beta Boötis",cache,15-01-56.76238,+40-23-26.0406,3.488,G8IIIa,"3.4 ± 0.2",,"Metal-rich star with blistering fretwork and a tendency to exhibit enormous flares."
NEMBUS,"51 Andromedae",51,Andromedae,"51 Andromedae",cache,01-37-59.56,+48-37-41.6,3.57,K3III,2.3,,"Respectable K-giant, formerly υ Persei, it was rezoned to avoid the stigma of ALGOL and its subsidiaries."
NIHAL,"β Leporis",β,Leporis,"Beta Leporis",cache,05-28-14.72316,"−20-45-33.9878",2.84,"G5 II","3.5 ± 0.1",,"G-type giant, home to a race of inverse solipsist AIs who believe that everything but their own consciousnesses exists."
NUNKI,"σ Sagittarii","σ",Sagittarii,"Sigma Sagittarii",cache,18-55-15.92650,"–26-17-48.2068",2.05,"B2.5 V","7.8 ± 0.2",,"Adorable blue star, all of its rocky worlds were planed down into cubes by a forgotten and fussy civilisation."
NUSAKAN,"β Coronae Borealis",β,"Coronae Borealis","Beta Coronae Borealis",cache,15-27-49.7308,+29-06-20.530,"3.65 to 3.72","A9SrEuCr / ?",,,"Once a fabled treasure planet, its third world's service industries now employ many time-dilated adventurers."
OKUL,"π Capricorni","π",Capricorni,"Pi Capricorni",cache,,,+5.08,,,,"Binary system whose primary is the eye — now eternally watchful and unblinking — of a disgraced guardian demiurge."
"PAE CHAOU","ε Delphini",ε,Delphini,"Epsilon Delphini",cache,20-33-12.8,+11-18-12,+4.03,B6III," ",,"Giant star in an advanced state of maturation, with a bruised chromosphere and somewhat overripe spectrum."
PEACOCK,"α Pavonis",α,Pavonis,"Alpha Pavonis",cache,20-25-38.85705,"−56-44-06.3230",1.94,"B2 IV","6.3 ± 0.2",,"Binary orbited by a desolate world on which explorers found the fossilised remains of a NAAFI. See also: AVIOR."
"PENNAE CAUDALIS","π² Cygni","π²",Cygni,"Pi2 Cygni",cache,,,"+4.23 ",,,,"Elegant, pied star with beautiful plumage, home to a race of empiricists who are surprised each time it rises."
PEREGRINI,"μ Velorum",μ,Velorum,"Mu Velorum",cache,10-46-46.17877,"–49-25-12.9244",2.69,"G5III + G2V",3.30,,"Near the intersection of seven major pilgrimage routes, this system is famed for its temples and fortifications."
"THE PERSIAN","α Indi",α,Indi,"Alpha Indi",cache,20-37-34.03201,"–47-17-29.4026",3.11,"K0 III-IV",2.0,,"K-giant cloaked in a dark nebula and what is held by many to be a somewhat too ostentatious air of mystery."
PHACT,"α Columbae",α,Columbae,"Alpha Columbae",cache,05-39-38.94103,"−34-04-26.7950",2.645,"B7 IV",4.5,,"A-subgiant, home of Mens, a planet-sized computer from the second empire. It has been defragmenting for two cosmic years."
PHAD,"γ Ursae Majoris",γ,"Ursae Majoris","Gamma Ursae Majoris",cache,11-53-49.84732,+53-41-41.1350,+2.438,"A0 Ve",2.62,,"Home system of the Patterners, an order of demiurges responsible for attitudes, dispositions and trends."
"PHERKAD MAJOR","γ Ursae Minoris",γ,"Ursae Minoris","Gamma Ursae Minoris",cache,15-20-43.71604,+71-50-02.4596,+3.05,"A3 Iab:",,,"Capital star of the least efficient stellar empire in history, whence the phrase ""completely Pherkad""."
"PHERKAD MINOR","11 Ursae Minoris",11,"Ursae Minoris","11 Ursae Minoris",cache,15-17-05.89,+71-49-26.0,5.024,K4III,"1.8 ± 0.25",,"K-giant, established as backup capital and audit mirror of the empire of PHERKAD MAJOR (q.v.)."
PHORBACEUS,"72 Ophiuchi",72,Ophiuchi,"72 Ophiuchi",cache,,,"+3.71 ",,,,"Scene of an ancient atrocity, constellations in which it appears were expunged from the zodiacs of many worlds."
PLEIONE,"28 Tauri",28,Tauri,"28 Tauri",cache,03-49-11.2161,24-08-12.163,"5.048 ","B8IVpe ","3.4 ",,"Blue giant whose variability is due to a circumstellar gas disk, polar winds, a mild inferiority complex and tidal mumps."
POLARIS,"α Ursae Minoris",α,"Ursae Minoris","Alpha Ursae Minoris",cache,02-31-49.09,+89-15-50.8,,astro-ph,,,"Current lodestar of Earth, a grand star system whose many species are yet haunted by dreams of navigating apes."
"POLARIS AUSTRALIS","σ Octantis","σ",Octantis,"Sigma Octantis",cache,,,5.42,"F0 III",,,"Earth's southern Pole Star, its insufficient wattage was condemned in the proceedings of the Lodestar Club."
POLIS,"μ Sagittarii",μ,Sagittarii,"Mu Sagittarii",cache,,,"+3.84 ",,,,"Quadruple system networked by the Skein and bustling with traffic, its inhabitants think orbits are for ""rubes""."
POLLUX,"β Geminorum",β,Geminorum,"Beta Geminorum",cache,07-45-18.94987,+28-01-34.3160,1.14,"K0 III","2.04 ± 0.3",,"K-giant whose one planet has one moon with one mountain with one cave in which lives one creature, named Pollux."
PORRIMA,"γ Virginis",γ,Virginis,"Gamma Virginis",cache,12-41-39.64344,"–01-26-57.7421","2.74 (3.650/3.560","F0 V/F0 V",,,"Home to the Time Ladies, demiurges charged with averting, or rendering instructive or amusing, causality paradoxes."
PRAECIPUA,"46 Leonis Minoris",46,"Leonis Minoris","46 Leonis Minoris",cache,10-53-18.70487,+34-12-53.5375,3.83,K0+III-IV,,,"K-subgiant at the fixed point of our Galaxy; a foldspace drive activated here will take you exactly nowhere."
"PRIMA STRUTHIONUM","η Ceti",η,Ceti,"Eta Ceti",cache,01-08-35.39148,"–10-10-56.1570",+3.446,"K1 III","1.0–1.4",,"Robust, peppery red giant with subtle tobacco and chocolate notes, an excellent complement to rare earths."
"PRIMUS HYADUM","γ Taurii",γ,Taurii,"Gamma Taurii","not found",,,,,,,"K-giant, home to the oldest civilisation in the Hyades, an echinoderm race famed for poetry and lava-sculpting."
PRINCEPS,"δ Boötis",δ,Boötis,"Delta Boötis",cache,15-15-30.16295,+33-18-53.3926,,"G8 III",,,"Rare example of a purple dwarf, a volatile star with high-energy emissions over a wide range of musical genres."
PROCYON,"α Canis Minoris",α,"Canis Minoris","Alpha Canis Minoris",cache,07-39-18.11950,+05-13-29.9552,0.34,"F5 IV–V","1.42 ± 0.04",,"F-subgiant, its white dwarf companion is host to a dragon colony that migrated from SOL in the distant past."
PULCHERRIMA,"ε Boötis",ε,Boötis,"Epsilon Boötis",cache,14-44-59.21746,+27-04-27.2099,2.37,"K0 II-III",4.6,,"Beautiful if narcissistic binary pair, a white sphere and an orange, tidally locked in mutual adoration."
"QUARTA STRUTHIONUM","ζ Ceti",ζ,Ceti,"Zeta Ceti",cache,,,,,,,"K-giant whose desert planet was colonised by a hominid species expert at believing their own legal fictions."
"QUINTA STRUTHIONUM","υ Ceti","υ",Ceti,"Upsilon Ceti",cache,,,3.99,,,,"Red giant orbited by a strange megastructure thought by scholars to be a prison, hospital, ship or resort."
RANA,"δ Eridani",δ,Eridani,"Delta Eridani",cache,03-43-14.90,"–09-45-48.2","3.54 ","K0 IV","1.33 ± 0.07",,"K-subgiant with planetary companion bearing biosphere spectral fingerprint BRKE7E7E7E7 (""swamp planet"")"
"RAS ALGETHI","α Herculis",α,Herculis,"Alpha Herculis",cache,17-14-38.80," +14-23-25.0","2.9137 / 5.4","M5IIvar / (G5III+F2V)
 ","2.15 ± 0.22",,"Home to a planet-wide sentient ocean whose enigmatic signals are now thought to mean: ""HELP, I CAN'T GET UP""."
"RAS ALHAGUE","α Ophiuchi",α,Ophiuchi,"Alpha Ophiuchi",cache,17-34-56.06945,+12-33-36.1346,2.07,"A5 III",2.40{{+-,,"White star, site of the Court of Relativity, with jurisdiction over spacelike precedence and looped successions."
"RAS ELASED AUSTRALIS","ε Leonis",ε,Leonis,"Epsilon Leonis",cache,09-45-51.07330,23-46-27.3208,2.98,"G1 II",4.01,,"Prosperous system which punishes any migrants whose desperation reminds the inhabitants how lucky they are."
"RAS ELASED BOREALIS","μ Leonis",μ,Leonis,"Mu Leonis",cache,,,,,,,"Whiter-than-white star, a projection of the dreams of the ruling caste of RAS ELASED AUSTRALIS (q.v.)"
RASTABAN,"β Draconis",β,Draconis,"Beta Draconis",cache,17-30-25.96170,+52-18-04.9993,2.79,"G2 Ib–IIa","6.0 ± 0.2",,"Location of Yll's homeworld, devasted by dragons in her youth, an event which triggered her scientific career."
REGOR,"γ Velorum",γ,Velorum,"Gamma Velorum",cache,08-09-31.95013,"–47-20-11.7108","1.78/4.27
 ","WC8 + O7.5e
 ",9/30,,"Vast Wolf-Rayet star orbiting a hot O-dwarf, emitting gas clouds said to haunted by the ghosts of ancient astronauts."
REGULUS,"α Leonis",α,Leonis,"Alpha Leonis",cache,,,,,,,"Lost quadruple system, its final message: ""OH SUITCASES FULL OF BLUE PUPPETS, SAVE US FROM THE PLIGHT OF LITTLE KING!"""
"REVENANTE OF THE SWAN","P Cygni",P,Cygni,"P Cygni",cache,20-17-47.2018,+38-01-58.549,4.795,B1Ia+,30,,"Distant, undead star, a haggard giant, brightening in visible frequencies as it dims in the ultraviolet."
RIGEL,"β Orionis",β,Orionis,"Beta Orionis",cache,05-14-32.27210,"−08-12-05.8981",0.12,"B8 Ia",18,,"Blue supergiant, gateway to Orion. Famous as the home system of a band of legendary AI warriors, the Rigel Ro-Friends."
"RIGIL KENTAURUS","α Centauri",α,Centauri,"Alpha Centauri",cache,14-39-36.4951,"–60-50-02.308",,"G2 V",1.100,,"Triple system inhabited by centaurs, the coincidence of names being a race-memory of their brief visit to SOL."
"RIJL AL AWWA","μ Virginis",μ,Virginis,"Mu Virginis",cache,,,+3.87,,,,"F-dwarf, its second planet home to an urbane species of pack predator who melodiously call to multiple moons."
ROTANEV,"β Delphini",β,Delphini,"Beta Delphini",cache,20-37-32.94130,+14-35-42.3195,"3.617 ± 0.016","F5 III + F5 IV","1.75 ± 0.002",,"F-binary pair, astronomer Niccolò Cacciatore gave it the reversed Latin form of his own surname. See also: SUALOCIN."
RUCHBA,"ω¹ Cygni","ω¹",Cygni,"Omega1 Cygni",cache,20-30-03.54116,+48-57-05.6446,,,,,"B-giant. A probe launched from this system into a nearby flexure point of the galactic animal caused the Great Voidquake."
RUCHBAH,"δ Cassiopeiae",δ,Cassiopeiae,"Delta Cassiopeiae",cache,01-25-48.95147,+60-14-07.0225,2.68,A5III-IVv,2.5,,"Bright young giant star which has exhausted both its supplies of hydrogen and its parent cluster's patience."
"RUKBALGETHI GENUBI","θ Herculis",θ,Herculis,"Theta Herculis",cache,17-56-15.1805,37-15-01.941,3.851,K1IIaCN,6.5,,"The ""Southern Knee"", at war with RUKBALGETHI SHEMALI (q.v.) following a disputed refereeing decision."
"RUKBALGETHI SHEMALI","τ Herculis","τ",Herculis,"Tau Herculis",cache,16-19-44.4368,46-18-48.119,3.89,"B5 IV",4.9,,"The ""Northern Knee"", at war with RUKBALGETHI GENUBI (q.v.) Sadly, the recent truce may only be halftime."
RUKBAT,"α Sagittarii",α,Sagittarii,"Alpha Sagittarii",cache,19-23-53.17483,"−40-36-57.3705",+3.97,"B8 V",,,"B-dwarf, home to the Thieves' Planet, a place of sound ethical values ever since they stole another species' mores."
RUKH,"δ Cygni",δ,Cygni,"Delta Cygni",cache,19-44-58.47854,+45-07-50.9161,2.87,"B9 III + F1 V",2.6,,"The Parliament of Rukh is one of the Galaxy's oldest anarchies. Its chief exports are political theorists and assassins."
"THE RUNAWAY STAR","Groombridge 1830",Groombridge,1830,"Groombridge 1830",cache,11-52-58.7691,+37-43-07.239,6.44,G8Vp,0.661,,"F-dwarf with apparently high proper motion, caught on a void snag while the Galaxy streams around it."
RUTICULUS,"ζ Herculis",ζ,Herculis,"Zeta Herculis",cache,"16-41-17.16104 ",+31-36-09.7873,2.81,"F9 IV + G7 V","1.45 ± 0.01",,"Binary system, home to a transcended race who tired of aloof godhood and went ""from the sublime to the Ruticulus""."
SABIK,"η Ophiuchi",η,Ophiuchi,"Eta Ophiuchi",cache,17-10-22.68689,"–15-43-29.6639","2.43 (3.05/3.27)","A1 V + A3 V",2.966,,"White binary pair in a highly eccentric orbit which gives both members a little space every now and then."
SADACHBIA,"γ Aquarii",γ,Aquarii,"Gamma Aquarii",cache,22-21-39.37542,"–01-23-14.4031",3.849,"A0 V"," ",,"A-dwarf, current resting place of the Tabernacle, a demountable shrine the size of a small planet."
SADALBARI,"λ and μ Pegasi",λ,"and μ Pegasi","Lambda and μ Pegasi","not found",,,,,,,"Appearing as twin stars 200 ly apart, this yellow giant was being translocated through a wormhole and got stuck."
SADALMELIK,"α Aquarii",α,Aquarii,"Alpha Aquarii",cache,22-05-47.03593,"−00-19-11.4568",2.942,"G2 Ib","6.5 ± 0.3",,"Vast golden supergiant, the inhabitants of its five worlds find the light of other suns to be sickly by comparison."
SADALPHERETZ,"λ Pegasi",λ,Pegasi,"Lambda Pegasi",cache,22-46-31.87786,+23-33-56.3561,3.96,G8II-III,"~1,5",,"Yellow giant which was displaced from its station by SADALBARI and then sold its naming rights to a local wizard."
SADALSUUD,"β Aquarii",β,Aquarii,"Beta Aquarii",cache,21-31-33.53171,"–05-34-16.2320",2.87,"G0 Ib","6.0–6.5",,"Not just a lucky star, but the luckiest, this G-type giant has a wide Goldilocks zone and a winning personality."
SADIRA,"ε Eridani",ε,Eridani,"Epsilon Eridani",cache,03-32-55.84496,"−09-27-29.7312",3.736,K2V,"0.82 ± 0.02",,"Small, K-class star, a near neighbour of SOL, surrounded by belts of asteroids that never quite got it together."
SADR,"γ Cygni",γ,Cygni,"Gamma Cygni",cache,20-22-13.70184,+40-15-24.0450,2.23,"F8 Iab","12.11 ± 0.71",,"Syrupy, aromatic yellow supergiant with mucilaginous flesh and a chewy nougat core."
SAIPH,"κ Orionis",κ,Orionis,"Kappa Orionis",cache,05-47-45.38884,-09-40-10.5777,2.09,"B0.5 Iab:","15.50 ± 1.25",,"B-giant in the Orion supernova factory, site of an environmental dispute between demiurges and preservationists."
SALM,"τ Pegasi","τ",Pegasi,"Tau Pegasi",cache,,,,,,,"Bland white star whose spectrum will put most biological sophonts into a light coma. AI pilots are essential."
SARGAS,"θ Scorpii",θ,Scorpii,"Theta Scorpii",cache,17-37-19.12985,"–42-59-52.1808",+1.87,"F0 II","5.66 ± 0.65",,"Evolved yellow giant at a still point in the Galaxy, surrounded by a cloud of odd socks, pens and minor pop deities."
SARIN,"δ Herculis",δ,Herculis,"Delta Herculis",cache,17-15-01.9106,24-50-21.135,3.126,A3IV,2.4,,"An A-giant and F-dwarf in a tight orbit, in turn orbited by a yellow dwarf that feels like a bit of a third wheel."
SARIR,"θ Ursae Majoris",θ,"Ursae Majoris","Theta Ursae Majoris",cache,09-32-51.43390,+51-40-38.2811,3.166,"F6 IV",1.41,,"F-subgiant, its fourth planet is a rare example of a glass giant, a great orb refracting the constellations."
SASIN,"ε Leporis",ε,Leporis,"Epsilon Leporis",cache,05-05-27.66537,"–22-22-15.7239",+3.166,"K4 III","1.70 ± 0.19",,"Young, jumped-up K-giant, with a feisty emission spectrum and a rotational speed well above its station."
SCEPTRUM,"53 Eridani",53,Eridani,"53 Eridani",cache,,,,,,,"K-class dwarf of the House of Hohernzollen, sometime capital of the Holy Roman Stellar Empire."
SCHEAT,"β Pegasi",β,Pegasi,"Beta Pegasi",cache,23-03-46.45746,+28-04-58.0336,2.42,"M2.3 II-III",2.1,,"Festive red giant with a cheerful atmosphere compared to most stars of that class, garlanded with ribbons of ejected gas."
SCHEDAR,"α Cassiopeiae",α,Cassiopeiae,"Alpha Cassiopeiae",cache,00-40-30.4405,+56-32-14.392,2.240,K0IIIa,4&ndash;5,,"Mature yellow giant with a waxy orange chromosphere and pungent spectrum, a line-of-sight cognate with SADR."
SEAT,"π Aquarii","π",Aquarii,"Pi Aquarii",cache,22-25-16.62285,+01-22-38.6346,+4.66,"B1 Ve","10.7 ± 0.7",,"When you wish upon a star, it is routed to the demiurges of this binary, currently running a three-cosmic-year backlog."
"SECUNDA STRUTHIONUM","θ Ceti",θ,Ceti,"Theta Ceti",cache,,,3.60,,,,"K-giant, the inhabitants of its one planet have no culture apart from a single sport, which they are bad at."
"SECUNDUS HYADUM","δ¹ Tauri",δ¹,Tauri,"Delta1 Tauri",cache,,,"+3.77 ",,,,"Binary star, female in myth but male in grammar. The real genders of stars are noncommutative vector operators."
SEGIN,"ε Cassiopeiae",ε,Cassiopeiae,"Epsilon Cassiopeiae",cache,01-54-23.72567,+63-40-12.3628,3.37,"B3 III","9.2 ± 0.2",,"Blue-white cosmic pearl secreted by the galactic animal around an ancient generation ship, lost in a nacreous tomb."
SEGINUS,"γ Boötis",γ,Boötis,"Gamma Boötis",cache,14-32-04.6719,+38-18-29.709,"+3.0
 ","A7 III"," ",,"Classical white star which is currently in a smooth transition from a hydrogen-fusing dwarf to a bright giant."
SEPHDAR,"η Sagittarii",η,Sagittarii,"Eta Sagittarii",cache,18-17-37.63505,-36-45-42.0667,+3.11,"M2 III"," ",,"Neurotic red giant with strong emission lines at 4860 ångströms, indicating a buildup of resentment."
SHAM,"α Sagittae",α,Sagittae,"Alpha Sagittae",cache,19-40-05.8,+18-00-50,+4.39,,,,"More than 70% of this yellow giant's mass has been converted to broth and encouraging pamphlets by a replicator outbreak."
SHAULA,"λ Scorpii",λ,Scorpii,"Lambda Scorpii",cache,17-33-36.520,-37-06-13.76,"1.62 / 14.9 / 12.0","B1.5-2 IV+ (A)
 "," ",,"Quintuple system whose worlds were reprocessed into a superweapon, the Sting, now used as a Memorial to Forgotten Wars."
SHE,"μ Columbae",μ,Columbae,"Mu Columbae",cache,,,5.15,"O9.5 V",12-15,,"Hot O-class dwarf which was ejected from the Orion supernova factory after a disagreement with local demiurges."
SHELIAK,"β Lyrae",β,Lyrae,"Beta Lyrae",cache,18-50-04.79525,+33-21-45.6100,3.52,"B6–8II / B","A: 2.83 ± 0.18 ''M''",,"Semi-detached binary, Roche lobes kissing in a fever of x-rays and plasma, attracting complaints from the neighbours."
SHERATAN,"β Arietis",β,Arietis,"Beta Arietis",cache,01-54-38.41099,+20-48-28.9133,2.655,"A5 V","2.34 ± 0.10",,"Comfortable white star with a spotless spectrum and an exceptionally high thread count."
SIMIRAM,"ω Carinae","ω",Carinae,"Omega Carinae",cache,10-13-44.21739,"–70-02-16.4563",3.29,"B8 IIIe",,,"Blue giant, rare example of a system where organic life forms invented machine intelligence."
SINISTRA,"ν Ophiuchi",ν,Ophiuchi,"Nu Ophiuchi",cache,17-59-01.59191,-09-46-25.0798,+3.332,"K0 IIIa CN –1",3.04,,"K-giant with an peaceful culture belying its name, with the exception of its inner brown dwarf, which is a real dump."
SIRIUS,"α Canis Majoris",α,"Canis Majoris","Alpha Canis Majoris",cache,06-45-08.9173,"−16-42-58.017","−1.47 (A)","A1V (A)",2.02,,"Blue-white star, its red colour several thousand years ago was due to an outbreak of dragons on its white dwarf."
SIRRAH,"α Andromedae",α,Andromedae,"Alpha Andromedae",cache,00-08-23.2586,+29-05-25.555,10.8,G5,,,"A-binary whose planets lie under a curse of perpetual renaissance, excelling in ostentation, virtù, poetry and war."
SITULA,"κ Aquarii",κ,Aquarii,"Kappa Aquarii",cache,22-37-45.38049,"–04-13-40.9939",5.03,"K2 III"," ",,"Orange giant, all of its planets are waterworlds, studded with buoyant pumice islands, webbed with hundred-mile kelp."
SKAT,"δ Aquarii",δ,Aquarii,"Delta Aquarii",cache,22-54-39.0125,"−15-49-14.953",3.252,"A3 V",2.0,,"Remote star used by demiurges as a prison for a powerful cacodæmon, an A-class dwarf with an unspeakable spectrum."
"SPEEDY MIC","BO Microscopii",BO,Microscopii,"BO Microscopii",cache,20-47-45.00732,"−36-35-40.7905",9.39,K3Ve,"0.82 ± 0.08",,"Young K-dwarf, spinning wildly and breaking out in a mass of sunspots and absurdly styled prominences."
SPICA,"α Virginis",α,Virginis,"Alpha Virginis",cache,13-25-11.5793,"−11-09-40.759",+1.04,"B1 III-IV/B2 V","10.25 ± 0.68",,"Binary system of time-reversed blue dwarfs, its inhabitants cherish the memory of their creation in a great supernova."
"STEROPE I","21 Tauri",21,Tauri,"21 Tauri",cache,,,,,,,"Blue dwarf in the Pleiades, with STEROPE II (q.v.) formed part of an ancient experiment in 3D broadcasting."
"STEROPE II","22 Tauri",22,Tauri,"22 Tauri",cache,,,"+5.76 ",,,,"Legend says that if the galactic animal should close one of its eyes, this star (or STEROPE I) would go out."
SUALOCIN,"α Delphini",α,Delphini,"Alpha Delphini",cache,,,"3.9/6.4; combined, 3.77 ",,,,"B-dwarf, second of the stars which Niccolò Cacciatore named after himself as a practical joke. See also: ROTANEV."
SUBRA,"ο Leonis",ο,Leonis,"Omicron Leonis",cache,,,+3.53,F9III/A5mV,"2.12/1.87 ± 0.01",,"Binary system, its sole planet home to a breed of powerful humanoids who sustain a thriving superhero export industry."
SULAFAT,"γ Lyrae",γ,Lyrae,"Gamma Lyrae",cache,18-58-56.62241,+32-41-22.4003,3.261,"B9 III",,,"Blue giant, the Skein fragment attached to its South Pole oscillates in resonance with the Song of Sulafat."
SYRMA,"ι Virginis",ι,Virginis,"Iota Virginis",cache,14-16-00.9,-6-00-02,+4.07,,,,"Mischievous F-class dwarf with a coquettish emission spectrum and slight unpredictable variability."
TABIT,"π³ Orionis","π³",Orionis,"Pi3 Orionis",cache,04-49-50.41091,+06-57-40.5883,3.16,"F6 V",1.236,,"Tiny, virtual star, created when an astronomer looked at the massive π⁴ Orionis through the wrong end of a telescope."
"TALITHA AUSTRALIS","κ Ursae Majoris",κ,"Ursae Majoris","Kappa Ursae Majoris",cache,09-03-37.52762,+47-09-23.4890,+3.60,,,,"A-dwarf whose planets orbit in two ecliptic planes, a consequence of an ancient demarcation dispute."
"TALITHA BOREALIS","ι Ursae Majoris",ι,"Ursae Majoris","Iota Ursae Majoris",cache,08-59-12.45362,+48-02-30.5741,3.14,"A7 IV"," ",,"A pair of A-subgiants orbited by a pair of M-dwarfs. On its worlds, New Year³'s Eve is a really big deal."
TANG,"η Serpentis",η,Serpentis,"Eta Serpentis",cache,18-21-18.60056,"–02-53-55.7766",3.260,"K0 III-IV",2.0,,"Vivid orange giant, its bright hue a side-effect of its use as a dumping ground for surplus astronaut refreshments."
"TANIA AUSTRALIS","μ Ursae Majoris",μ,"Ursae Majoris","Mu Ursae Majoris",cache,10-22-19.744,+41-29-58.28,+3.06,"M0 IIIab"," ",,"Friendly red giant with a cheerful, easygoing chromosphere and a somewhat coarse emission spectrum."
"TANIA BOREALIS","λ Ursae Majoris",λ,"Ursae Majoris","Lambda Ursae Majoris",cache,10-17-05.78287,+42-54-51.6808,+3.45,"A2 IV",2.4,,"Beautiful, frosty white star, all of whose planets orbit at a respectable, if chilly, distance."
TARAZED,"γ Aquilae",γ,Aquilae,"Gamma Aquilae",cache,19-46-15.58029,+10-36-47.7408,2.712,"K3 II","5.66 ± 0.66",,"Second swan consort of ALTAIR (q.v.), a K-type star whose gas giants sustain vast, blindly floating wings."
TAYGETA,"19 Tauri",19,Tauri,"19 Tauri",cache,,,"+4.30 ",,,,"Run-down member of the Pleiades cluster, a blue giant whose system is being gentrified by middle-class renobots."
TEGMEN,"ζ Cancri",ζ,Cancri,"Zeta Cancri",cache,08-12-12.7,+17-38-52,+5.58/+5.99/+6.12,"""wikitable""
! Component !! [[Harvard Revised catalogue",,,"Quadruple system in which life evolved separately on the worlds of each sun. Exports include gas membranes and diplomats."
"TEJAT POSTERIOR","μ Geminorum",μ,Geminorum,"Mu Geminorum",cache,06-22-57.62686,+22-30-48.8979,2.857,"M3 III",2.1,,"Home to a monopod race who await their Messiah, The Many-Kneed, The One With Feet, He Who Shall Kick Arse."
"TEJAT PRIOR","η Geminorum",η,Geminorum,"Eta Geminorum",cache,"06-14-52.657 / 52.567","+22-30-24.48 / 24.51","3.15 to 3.9 / 8.8",,,,"A red giant orbited by a blue and yellow dwarf: its planets' sunsets can cause permanent nerve damage."
"TERTIA STRUTHIONUM","τ Ceti","τ",Ceti,"Tau Ceti",cache,01-44-04.0829,"−15-56-14.928","3.50 ± 0.01","G8.5 V","0.783 ± 0.012",,"G-class star of many names, the Third Hen Ostrich, Durre Menthor (the Spilled Pearls), the Tipsy Astronomer, &amp;c."
THABIT,"υ Orionis","υ",Orionis,"Upsilon Orionis",cache,5-31-55.80,-07-18-05.00,+4.62,"B0 V","20.6 ",,"B-giant, in an example of the fixed-point theorem it is the only star in the Galaxy whose constellations never change."
"THANIH AL ADZARI","ο² Canis Majoris",ο²,"Canis Majoris","Omicron2 Canis Majoris",cache,07-03-01.47211,"–23-49-59.8523",3.043,"B3 Ia","21.4 ± 2.2",,"Huge and luminous blue giant, its system's inhabitants have not yet noticed the rest of the Galaxy."
THEEMIM,"υ² Eridani","υ²",Eridani,"Upsilon2 Eridani",cache,04-35-33.0385,"−30-33-44.429",3.817,G8IIIa,"1.38 ± 0.19",,"Counterfactual version of BEEMIM (q.v.) created by a cataloguing error aboard a ship with a subjunctive warp drive."
THUBAN,"α Draconis",α,Draconis,"Alpha Draconis",cache,14-04-23.3498,64-22-33.062,"3.6452 ","A0III ","3.85
  ",,"""Given the means, any species will create dragons; they are, as an ancient poet wrote, a necessary animal."" —Yll"
"TIEN KWAN","ζ Tauri",ζ,Tauri,"Zeta Tauri",cache,05-37-38.68542,+21-08-33.1588,3.010,"B2 IIIpe",11.2,,"Giant blue star surrounded by an eternally spiraling density wave, a mighty celestial pinwheel."
"TORCULARIS SEPTENTRIONALIS","ο Piscium",ο,Piscium,"Omicron Piscium",cache,,,+4.26,,,,"G-giant, home to a Nominalist sect; its full name is written on the rings of its largest gas giant."
TRAPEZIUM,"θ¹ Orionis",θ¹,Orionis,"Theta1 Orionis",cache,,,4.0,?,,,"Volatile cluster of hot blue giants in the Orion supernova works. The responsible demiurge has been rebuked."
TUREIS,"ρ Puppis","ρ",Puppis,"Rho Puppis",cache,08-07-32.64882,"−24-18-15.5679",2.78,F2mF5IIp,1.85,,"Example of a Del Scuti variable, its surface moving inwards and outwards as it turns around. That's what it's all about."
TYL,"ε Draconis",ε,Draconis,"Epsilon Draconis",cache,19-48-10.3521,70-16-04.549,3.9974,"G8III ",2.7,,"Yellow giant, orbited by the planet Owlglass, where trickster deities from across the Galaxy observe their convocations."
UKDAH,"τ Hydrae","τ",Hydrae,"Tau Hydrae",cache,,,"+4.59 ",,,,"A tangled filament of the galactic animal has snared this G-class star, around which the manifold shudders and heaves."
UNUKALHAI,"α Serpentis",α,Serpentis,"Alpha Serpentis",cache,15-44-16.07431,+06-25-32.2633,2.623,"K2 III",,,"K-giant, civilisation on its habitable worlds collapsed due to an obsession with feline images or ""cataclysm""."
URODELUS,"ε Ursae Minoris",ε,"Ursae Minoris","Epsilon Ursae Minoris",cache,,,+4.21,,,,"G-class giant whose binary companion is feeding off the body of its host, a rare example of stellar cannibalism."
USHAKARON,"ξ Tauri",ξ,Tauri,"Xi Tauri",cache,,,"+3.73 ",,,,"Triple system, home to Poet, a nemesis device of such wanton efficacy that many of its employers die of remorse."
VEGA,"α Lyrae",α,Lyrae,"Alpha Lyrae",cache,18-36-56.33635,+38-47-01.2802,0.03,A0V,"2.135 ± 0.074",,"Home to a refined, talented yet modest race who recently announced their decision to transcend, much to everyone's relief."
VINDIEMATRIX,"ε Virginis",ε,Virginis,"Epsilon Virginis",cache,13-02-10.59785,+10-57-32.9415,+2.826,"G8 III","2.64 ± 0.11",,"Somewhat dissolute G-giant which has matured in the last million years and now hardly ever stays out all night."
WASAT,"δ Geminorum",δ,Geminorum,"Delta Geminorum",cache,07-20-07.37978,+21-58-56.3377,+3.53,"F0 IV",1.57,,"F-subgiant with planetary companion bearing biosphere spectral fingerprint QQQF00F00F0 (""bizarro world"")"
WAZN,"β Columbae",β,Columbae,"Beta Columbae",cache,05-50-57.5929,"−35-46-05.9152",3.105,"K1 IIICN+1","1.10 ± 0.20",,"K-giant, attacked with a causality weapon, if ever it is not observed in some world's sky it will cease to have existed."
WEZEN,"δ Canis Majoris",δ,"Canis Majoris","Delta Canis Majoris",cache,07-08-23.48608,-26-23-35.5474,1.83,"F8 Ia","16.9 ± 1.6",,"Rare example of a yellow supergiant, a vast crucible of the stellar alchemists, swollen with heavy elements."
XESTUS,"ο Velorum",ο,Velorum,"Omicron Velorum",cache,08-40-17.58553,"–52-55-18.8002",+3.60,"B3 IV","5.5 ± 0.4",,"Home to the Xrskh, a race who built many enigmatic megastructures and then transcended to escape their subcontractors."
"YED POSTERIOR","ε Ophiuchi",ε,Ophiuchi,"Epsilon Ophiuchi",cache,16-18-19.28974,"–04-41-33.0345",3.220,"G9.5 IIIb","1.85 ± 0.05",,"Blushing red giant, site of the planet Elephantis, consecrated to both speakable and unspeakable pleasures."
"YED PRIOR","δ Ophiuchi",δ,Ophiuchi,"Delta Ophiuchi",cache,16-14-20.73853,"–03-41-39.5612",2.75,"M0.5 III",1.5,,"Gloomy red giant whose worlds are noted for their stern asceticism, a rival to or subsidiary of YED POSTERIOR (q.v.)."
YILDUN,"δ Ursae Minoris",δ,"Ursae Minoris","Delta Ursae Minoris",cache,17-32-12.9,86-35-11.25,4.35,A1Vn,,,"A-dwarf orbited by a lone asteroid, chalk white and ink-shadowed, named the Next-To-Last-Thing."
ZANIAH,"η Virginis",η,Virginis,"Eta Virginis",cache,12-19-54.35783,"–00-40-00.5095",3.890,"A2 V","2.5039 ± 0.1246",,"Very close triple system, lost in an eternal and amicable debate about who actually is in orbit about whom."
ZAURAK,"γ Eridani",γ,Eridani,"Gamma Eridani",cache,03-58-01.76695,-13-30-30.6698,,"[[M-type star",,,"Sombre red giant with obsidian planets, onetime seat of an evil overlord, now reinventing itself as an arts precinct."
ZAVAJAVA,"β Virginis",β,Virginis,"Beta Virginis",cache,11-50-41.71824,+1-45-52.9910,3.604,"F9 V",1.25,,"Tatterdemalion carnival star, strung with marquee moons, the music of its spheres goes to a wheezing old calliope."
ZOSMA,"δ Leonis",δ,Leonis,"Delta Leonis",cache,11-14-06.50142,20-31-25.3853,2.56,"A4 V",2.2,,"An early attempt to run a solar system on magic which was thwarted when several orders of elementals formed trade unions."
"ZUBEN ELAKRAB","γ Librae",γ,Librae,"Gamma Librae",cache,15-35-31.54,-14-27-22.4,+3.91,,,,"K-subgiant, claw of the galactic animal. When it was unsheathed it scratched and relieved the Great Voidquake."
"ZUBEN ELAKRIBI","δ Librae",δ,Librae,"Delta Librae",cache,15-51-09.0,-08-31-08.0,4.43,B9.5V,,,"Blue variable, claw of the galactic animal. It is unsheathed as the dark matter thaws in the cosmic spring."
ZUBENELGENUBI,"α Librae",α,Librae,"Alpha Librae",cache,14-50-41.18097,"–15-59-50.0482",,"F3 V + kA2hA5mA4 IV-V",1.33{{+-,,"Quintuple system, claw of the galactic animal. When it was unsheathed, predators on all worlds halted; prey fled."
ZUBENESCHEMALI,"β Librae",β,Librae,"Beta Librae",cache,15-17-00.41382,"−09-22-58.4919",2.61,"B8 V",3.5{{+-,,"Rare blue-green giant, this claw of the galactic animal has not yet been unsheathed."
